model,task,n_pairs,task_sample_sd,ddof
flux2_klein_4b,thatcher,280,0.0050611232066834185,1
flux2_klein_4b,swap,288,0.002244489122983134,1
flux2_klein_9b,thatcher,280,0.004482493823924321,1
flux2_klein_9b,swap,288,0.0023043913314564485,1
flux2_klein_base_4b,thatcher,280,0.0029048743880447946,1
flux2_klein_base_4b,swap,288,0.0009799720861049645,1
flux2_klein_base_9b,thatcher,280,0.003348357628026701,1
flux2_klein_base_9b,swap,288,0.0011382706798710339,1
flux1_dev,thatcher,280,0.0015249333857718609,1
flux1_dev,swap,288,0.0013517542935594642,1
flux1_schnell,thatcher,280,0.007348204481131644,1
flux1_schnell,swap,288,0.0019188873976654687,1
jit_b32,thatcher,280,0.0005002199331824765,1
jit_b32,swap,288,0.00015483930370212049,1
jit_l32,thatcher,280,0.0005336998686444157,1
jit_l32,swap,288,0.00010294946681568216,1
jit_h32,thatcher,280,0.0004480880902658686,1
jit_h32,swap,288,0.0003132566920468482,1
pixelgen_512,thatcher,280,0.0002964839987176927,1
pixelgen_512,swap,288,7.632026434593315e-05,1
qwen_image_2512,thatcher,280,0.0006919556210869394,1
qwen_image_2512,swap,288,0.0002273025559643526,1
qwen_image,thatcher,280,0.0006522860259199786,1
qwen_image,swap,288,0.00031035654628432856,1
stable_diffusion_3,thatcher,280,0.0013466722449286613,1
stable_diffusion_3,swap,288,0.00043358003926637214,1
stable_diffusion_15,thatcher,280,0.0009586454745811467,1
stable_diffusion_15,swap,288,0.0003142078209007904,1
sdxl,thatcher,280,0.0009161577391175892,1
sdxl,swap,288,0.0010712947156057769,1
cogvideox_2b,thatcher,280,0.0008197207009632103,1
cogvideox_2b,swap,288,0.00013905998391644138,1
ltx_2b,thatcher,280,0.0018661098684812853,1
ltx_2b,swap,288,0.00043704012882131964,1
ltx_13b,thatcher,280,0.0015305005631343113,1
ltx_13b,swap,288,0.00045924870375248016,1
wan21_1_3b,thatcher,280,0.0004304174680731287,1
wan21_1_3b,swap,288,0.00017647287957584795,1
cogvideox_5b,thatcher,280,0.00027025132428814766,1
cogvideox_5b,swap,288,6.841381959830616e-05,1
cogvideox15_5b,thatcher,280,0.00013125237561114827,1
cogvideox15_5b,swap,288,5.115247180048018e-05,1
hunyuan_video,thatcher,280,0.000443855122173865,1
hunyuan_video,swap,288,0.0001677290157087161,1
wan21_14b,thatcher,280,0.00041437567230414636,1
wan21_14b,swap,288,0.00021617099256525458,1
wan22_a14b,thatcher,280,0.000413042950306803,1
wan22_a14b,swap,288,0.000212449838009311,1
hidream_o1,thatcher,280,0.001051951377511447,1
hidream_o1,swap,288,0.0001666448163359923,1
