model,display_name,modality,benchmark,external_name,external_metric,external_score,ci95_lower,ci95_upper,benchmark_record_date,retrieved_date_jst,source_url,lineage,parameter_b,count_kind,count_scope,count_note
flux1_dev,FLUX.1 dev,image,Artificial Analysis T2I,FLUX.1 [dev],human_preference_elo,842.0,835.0,849.0,,2026-09-11,https://artificialanalysis.ai/image/leaderboard/text-to-image,FLUX,12.0,public_nominal,denoiser_or_flow_backbone,Public nominal FLUX.1 backbone size.
flux1_schnell,FLUX.1 schnell,image,Artificial Analysis T2I,FLUX.1 [schnell],human_preference_elo,807.0,800.0,814.0,,2026-09-11,https://artificialanalysis.ai/image/leaderboard/text-to-image,FLUX,12.0,public_nominal,denoiser_or_flow_backbone,Public nominal FLUX.1 backbone size.
flux2_klein_4b,FLUX.2 klein 4B,image,Artificial Analysis T2I,FLUX.2 [klein] 4B,human_preference_elo,864.0,855.0,873.0,,2026-09-11,https://artificialanalysis.ai/image/leaderboard/text-to-image,FLUX,4.0,public_nominal,denoiser_or_flow_backbone,Nominal 4B size in the checkpoint name.
flux2_klein_9b,FLUX.2 klein 9B,image,Artificial Analysis T2I,FLUX.2 [klein] 9B,human_preference_elo,947.0,939.0,955.0,,2026-09-11,https://artificialanalysis.ai/image/leaderboard/text-to-image,FLUX,9.0,public_nominal,denoiser_or_flow_backbone,Nominal 9B size in the checkpoint name.
flux2_klein_base_4b,FLUX.2 klein base 4B,image,Artificial Analysis T2I,FLUX.2 [klein] Base 4B,human_preference_elo,776.0,767.0,785.0,,2026-09-11,https://artificialanalysis.ai/image/leaderboard/text-to-image,FLUX,4.0,public_nominal,denoiser_or_flow_backbone,Nominal 4B size in the checkpoint name.
flux2_klein_base_9b,FLUX.2 klein base 9B,image,Artificial Analysis T2I,FLUX.2 [klein] Base 9B,human_preference_elo,902.0,894.0,910.0,,2026-09-11,https://artificialanalysis.ai/image/leaderboard/text-to-image,FLUX,9.0,public_nominal,denoiser_or_flow_backbone,Nominal 9B size in the checkpoint name.
hidream_o1,HiDream-O1-Image,image,Artificial Analysis T2I,HiDream-O1-Image,human_preference_elo,979.0,971.0,987.0,,2026-09-11,https://artificialanalysis.ai/image/leaderboard/text-to-image,HiDream,8.804887792,checkpoint_exact,denoiser_or_flow_backbone,Exact tensor count for the HiDream denoiser/flow backbone.
qwen_image,Qwen-Image,image,Artificial Analysis T2I,Qwen Image,human_preference_elo,883.0,876.0,890.0,,2026-09-11,https://artificialanalysis.ai/image/leaderboard/text-to-image,Qwen-Image,20.0,public_nominal,denoiser_or_flow_backbone,Public nominal Qwen-Image backbone size.
sdxl,SDXL Base 1.0,image,Artificial Analysis T2I,Stable Diffusion XL 1.0,human_preference_elo,688.0,679.0,697.0,,2026-09-11,https://artificialanalysis.ai/image/leaderboard/text-to-image,Stable Diffusion,2.6,architecture_approximate,denoiser_or_flow_backbone,Approximate U-Net parameter scale; text encoders and VAE are excluded.
stable_diffusion_15,Stable Diffusion v1.5,image,Artificial Analysis T2I,Stable Diffusion 1.5,human_preference_elo,468.0,456.0,480.0,,2026-09-11,https://artificialanalysis.ai/image/leaderboard/text-to-image,Stable Diffusion,0.86,architecture_approximate,denoiser_or_flow_backbone,Approximate U-Net parameter scale; text encoder and VAE are excluded.
stable_diffusion_3,Stable Diffusion 3 Medium,image,Artificial Analysis T2I,Stable Diffusion 3 Medium,human_preference_elo,726.0,718.0,734.0,,2026-09-11,https://artificialanalysis.ai/image/leaderboard/text-to-image,Stable Diffusion,2.0,public_nominal,denoiser_or_flow_backbone,Public nominal model size.
cogvideox15_5b,CogVideoX1.5-5B,video,VBench 1.0 T2V,CogVideoX1.5-5B,quality_score,82.72,,,2025-04-21,2026-09-11,https://huggingface.co/spaces/Vchitect/VBench_Leaderboard,CogVideoX,5.0,public_nominal,denoiser_or_flow_backbone,Nominal size in the model identifier.
cogvideox_2b,CogVideoX-2B,video,VBench 1.0 T2V,CogVideoX-2B (Diffusers),quality_score,82.48,,,2025-03-03,2026-09-11,https://huggingface.co/spaces/Vchitect/VBench_Leaderboard,CogVideoX,2.0,public_nominal,denoiser_or_flow_backbone,Nominal size in the model identifier.
cogvideox_5b,CogVideoX-5B,video,VBench 1.0 T2V,CogVideoX-5B (Diffusers),quality_score,83.05,,,2025-03-04,2026-09-11,https://huggingface.co/spaces/Vchitect/VBench_Leaderboard,CogVideoX,5.0,public_nominal,denoiser_or_flow_backbone,Nominal size in the model identifier.
hunyuan_video,HunyuanVideo,video,VBench 1.0 T2V,HunyuanVideo (Open-Source Version),quality_score,85.09,,,2024-12-16,2026-09-11,https://huggingface.co/spaces/Vchitect/VBench_Leaderboard,HunyuanVideo,13.0,public_nominal,denoiser_or_flow_backbone,Public nominal backbone size.
wan21_14b,Wan2.1 T2V 14B,video,VBench 1.0 T2V,Wan2.1-T2V-14B,quality_score,85.59,,,2025-07-25,2026-09-11,https://huggingface.co/spaces/Vchitect/VBench_Leaderboard,Wan,14.0,public_nominal,denoiser_or_flow_backbone,Nominal size in the model identifier.
wan21_1_3b,Wan2.1 T2V 1.3B,video,VBench 1.0 T2V,Wan2.1-T2V-1.3B (2025-05-03),quality_score,85.23,,,2025-05-03,2026-09-11,https://huggingface.co/spaces/Vchitect/VBench_Leaderboard,Wan,1.3,public_nominal,denoiser_or_flow_backbone,Nominal size in the model identifier.
wan22_a14b,Wan2.2 T2V A14B,video,VBench 1.0 T2V,Wan2.2-T2V-A14B (w/o prompt-optimized),quality_score,85.03,,,2026-02-18,2026-09-11,https://huggingface.co/spaces/Vchitect/VBench_Leaderboard,Wan,14.0,public_nominal,denoiser_or_flow_backbone,Nominal active-expert size in the model identifier; total mixture capacity is not used.
