pair_id,factor_id,level_order
swap_48_shadow_swap,shadow_shape,0
swap_49_shadow_swap,shadow_shape,0
swap_50_shadow_swap,shadow_shape,0
swap_51_shadow_swap,shadow_shape,0
swap_52_shadow_swap,shadow_shape,0
swap_53_shadow_swap,shadow_shape,0
swap_54_shadow_swap,shadow_shape,0
swap_55_shadow_swap,shadow_shape,0
swap_64_shadow_swap,shadow_shape,1
swap_65_shadow_swap,shadow_shape,1
swap_66_shadow_swap,shadow_shape,1
swap_67_shadow_swap,shadow_shape,1
swap_68_shadow_swap,shadow_shape,1
swap_69_shadow_swap,shadow_shape,1
swap_70_shadow_swap,shadow_shape,1
swap_71_shadow_swap,shadow_shape,1
swap_56_shadow_swap,shadow_shape,2
swap_57_shadow_swap,shadow_shape,2
swap_58_shadow_swap,shadow_shape,2
swap_59_shadow_swap,shadow_shape,2
swap_60_shadow_swap,shadow_shape,2
swap_61_shadow_swap,shadow_shape,2
swap_62_shadow_swap,shadow_shape,2
swap_63_shadow_swap,shadow_shape,2
swap_72_shadow_swap,shadow_shape,3
swap_73_shadow_swap,shadow_shape,3
swap_74_shadow_swap,shadow_shape,3
swap_75_shadow_swap,shadow_shape,3
swap_76_shadow_swap,shadow_shape,3
swap_77_shadow_swap,shadow_shape,3
swap_78_shadow_swap,shadow_shape,3
swap_79_shadow_swap,shadow_shape,3
swap_80_shadow_swap,shadow_shape,4
swap_81_shadow_swap,shadow_shape,4
swap_82_shadow_swap,shadow_shape,4
swap_83_shadow_swap,shadow_shape,4
swap_84_shadow_swap,shadow_shape,4
swap_85_shadow_swap,shadow_shape,4
swap_86_shadow_swap,shadow_shape,4
swap_87_shadow_swap,shadow_shape,4
swap_88_shadow_swap,shadow_shape,5
swap_89_shadow_swap,shadow_shape,5
swap_90_shadow_swap,shadow_shape,5
swap_91_shadow_swap,shadow_shape,5
swap_92_shadow_swap,shadow_shape,5
swap_93_shadow_swap,shadow_shape,5
swap_94_shadow_swap,shadow_shape,5
swap_95_shadow_swap,shadow_shape,5
swap_0_shadow_swap,shadow_rotation,0
swap_1_shadow_swap,shadow_rotation,0
swap_2_shadow_swap,shadow_rotation,0
swap_3_shadow_swap,shadow_rotation,0
swap_4_shadow_swap,shadow_rotation,0
swap_5_shadow_swap,shadow_rotation,0
swap_6_shadow_swap,shadow_rotation,0
swap_7_shadow_swap,shadow_rotation,0
swap_8_shadow_swap,shadow_rotation,1
swap_9_shadow_swap,shadow_rotation,1
swap_10_shadow_swap,shadow_rotation,1
swap_11_shadow_swap,shadow_rotation,1
swap_12_shadow_swap,shadow_rotation,1
swap_13_shadow_swap,shadow_rotation,1
swap_14_shadow_swap,shadow_rotation,1
swap_15_shadow_swap,shadow_rotation,1
swap_32_shadow_swap,shadow_rotation,2
swap_33_shadow_swap,shadow_rotation,2
swap_34_shadow_swap,shadow_rotation,2
swap_35_shadow_swap,shadow_rotation,2
swap_36_shadow_swap,shadow_rotation,2
swap_37_shadow_swap,shadow_rotation,2
swap_38_shadow_swap,shadow_rotation,2
swap_39_shadow_swap,shadow_rotation,2
swap_16_shadow_swap,shadow_rotation,3
swap_17_shadow_swap,shadow_rotation,3
swap_18_shadow_swap,shadow_rotation,3
swap_19_shadow_swap,shadow_rotation,3
swap_20_shadow_swap,shadow_rotation,3
swap_21_shadow_swap,shadow_rotation,3
swap_22_shadow_swap,shadow_rotation,3
swap_23_shadow_swap,shadow_rotation,3
swap_24_shadow_swap,shadow_rotation,4
swap_25_shadow_swap,shadow_rotation,4
swap_26_shadow_swap,shadow_rotation,4
swap_27_shadow_swap,shadow_rotation,4
swap_28_shadow_swap,shadow_rotation,4
swap_29_shadow_swap,shadow_rotation,4
swap_30_shadow_swap,shadow_rotation,4
swap_31_shadow_swap,shadow_rotation,4
swap_40_shadow_swap,shadow_rotation,5
swap_41_shadow_swap,shadow_rotation,5
swap_42_shadow_swap,shadow_rotation,5
swap_43_shadow_swap,shadow_rotation,5
swap_44_shadow_swap,shadow_rotation,5
swap_45_shadow_swap,shadow_rotation,5
swap_46_shadow_swap,shadow_rotation,5
swap_47_shadow_swap,shadow_rotation,5
swap_0_shadow_swap,shadow_height,0
swap_1_shadow_swap,shadow_height,0
swap_2_shadow_swap,shadow_height,0
swap_3_shadow_swap,shadow_height,0
swap_8_shadow_swap,shadow_height,0
swap_9_shadow_swap,shadow_height,0
swap_10_shadow_swap,shadow_height,0
swap_11_shadow_swap,shadow_height,0
swap_16_shadow_swap,shadow_height,0
swap_17_shadow_swap,shadow_height,0
swap_18_shadow_swap,shadow_height,0
swap_19_shadow_swap,shadow_height,0
swap_24_shadow_swap,shadow_height,0
swap_25_shadow_swap,shadow_height,0
swap_26_shadow_swap,shadow_height,0
swap_27_shadow_swap,shadow_height,0
swap_32_shadow_swap,shadow_height,0
swap_33_shadow_swap,shadow_height,0
swap_34_shadow_swap,shadow_height,0
swap_35_shadow_swap,shadow_height,0
swap_40_shadow_swap,shadow_height,0
swap_41_shadow_swap,shadow_height,0
swap_42_shadow_swap,shadow_height,0
swap_43_shadow_swap,shadow_height,0
swap_48_shadow_swap,shadow_height,0
swap_49_shadow_swap,shadow_height,0
swap_50_shadow_swap,shadow_height,0
swap_51_shadow_swap,shadow_height,0
swap_56_shadow_swap,shadow_height,0
swap_57_shadow_swap,shadow_height,0
swap_58_shadow_swap,shadow_height,0
swap_59_shadow_swap,shadow_height,0
swap_64_shadow_swap,shadow_height,0
swap_65_shadow_swap,shadow_height,0
swap_66_shadow_swap,shadow_height,0
swap_67_shadow_swap,shadow_height,0
swap_72_shadow_swap,shadow_height,0
swap_73_shadow_swap,shadow_height,0
swap_74_shadow_swap,shadow_height,0
swap_75_shadow_swap,shadow_height,0
swap_80_shadow_swap,shadow_height,0
swap_81_shadow_swap,shadow_height,0
swap_82_shadow_swap,shadow_height,0
swap_83_shadow_swap,shadow_height,0
swap_88_shadow_swap,shadow_height,0
swap_89_shadow_swap,shadow_height,0
swap_90_shadow_swap,shadow_height,0
swap_91_shadow_swap,shadow_height,0
swap_4_shadow_swap,shadow_height,1
swap_5_shadow_swap,shadow_height,1
swap_6_shadow_swap,shadow_height,1
swap_7_shadow_swap,shadow_height,1
swap_12_shadow_swap,shadow_height,1
swap_13_shadow_swap,shadow_height,1
swap_14_shadow_swap,shadow_height,1
swap_15_shadow_swap,shadow_height,1
swap_20_shadow_swap,shadow_height,1
swap_21_shadow_swap,shadow_height,1
swap_22_shadow_swap,shadow_height,1
swap_23_shadow_swap,shadow_height,1
swap_28_shadow_swap,shadow_height,1
swap_29_shadow_swap,shadow_height,1
swap_30_shadow_swap,shadow_height,1
swap_31_shadow_swap,shadow_height,1
swap_36_shadow_swap,shadow_height,1
swap_37_shadow_swap,shadow_height,1
swap_38_shadow_swap,shadow_height,1
swap_39_shadow_swap,shadow_height,1
swap_44_shadow_swap,shadow_height,1
swap_45_shadow_swap,shadow_height,1
swap_46_shadow_swap,shadow_height,1
swap_47_shadow_swap,shadow_height,1
swap_52_shadow_swap,shadow_height,1
swap_53_shadow_swap,shadow_height,1
swap_54_shadow_swap,shadow_height,1
swap_55_shadow_swap,shadow_height,1
swap_60_shadow_swap,shadow_height,1
swap_61_shadow_swap,shadow_height,1
swap_62_shadow_swap,shadow_height,1
swap_63_shadow_swap,shadow_height,1
swap_68_shadow_swap,shadow_height,1
swap_69_shadow_swap,shadow_height,1
swap_70_shadow_swap,shadow_height,1
swap_71_shadow_swap,shadow_height,1
swap_76_shadow_swap,shadow_height,1
swap_77_shadow_swap,shadow_height,1
swap_78_shadow_swap,shadow_height,1
swap_79_shadow_swap,shadow_height,1
swap_84_shadow_swap,shadow_height,1
swap_85_shadow_swap,shadow_height,1
swap_86_shadow_swap,shadow_height,1
swap_87_shadow_swap,shadow_height,1
swap_92_shadow_swap,shadow_height,1
swap_93_shadow_swap,shadow_height,1
swap_94_shadow_swap,shadow_height,1
swap_95_shadow_swap,shadow_height,1
swap_2_shadow_swap,shadow_light_extent,0
swap_3_shadow_swap,shadow_light_extent,0
swap_6_shadow_swap,shadow_light_extent,0
swap_7_shadow_swap,shadow_light_extent,0
swap_10_shadow_swap,shadow_light_extent,0
swap_11_shadow_swap,shadow_light_extent,0
swap_14_shadow_swap,shadow_light_extent,0
swap_15_shadow_swap,shadow_light_extent,0
swap_18_shadow_swap,shadow_light_extent,0
swap_19_shadow_swap,shadow_light_extent,0
swap_22_shadow_swap,shadow_light_extent,0
swap_23_shadow_swap,shadow_light_extent,0
swap_26_shadow_swap,shadow_light_extent,0
swap_27_shadow_swap,shadow_light_extent,0
swap_30_shadow_swap,shadow_light_extent,0
swap_31_shadow_swap,shadow_light_extent,0
swap_34_shadow_swap,shadow_light_extent,0
swap_35_shadow_swap,shadow_light_extent,0
swap_38_shadow_swap,shadow_light_extent,0
swap_39_shadow_swap,shadow_light_extent,0
swap_42_shadow_swap,shadow_light_extent,0
swap_43_shadow_swap,shadow_light_extent,0
swap_46_shadow_swap,shadow_light_extent,0
swap_47_shadow_swap,shadow_light_extent,0
swap_50_shadow_swap,shadow_light_extent,0
swap_51_shadow_swap,shadow_light_extent,0
swap_54_shadow_swap,shadow_light_extent,0
swap_55_shadow_swap,shadow_light_extent,0
swap_58_shadow_swap,shadow_light_extent,0
swap_59_shadow_swap,shadow_light_extent,0
swap_62_shadow_swap,shadow_light_extent,0
swap_63_shadow_swap,shadow_light_extent,0
swap_66_shadow_swap,shadow_light_extent,0
swap_67_shadow_swap,shadow_light_extent,0
swap_70_shadow_swap,shadow_light_extent,0
swap_71_shadow_swap,shadow_light_extent,0
swap_74_shadow_swap,shadow_light_extent,0
swap_75_shadow_swap,shadow_light_extent,0
swap_78_shadow_swap,shadow_light_extent,0
swap_79_shadow_swap,shadow_light_extent,0
swap_82_shadow_swap,shadow_light_extent,0
swap_83_shadow_swap,shadow_light_extent,0
swap_86_shadow_swap,shadow_light_extent,0
swap_87_shadow_swap,shadow_light_extent,0
swap_90_shadow_swap,shadow_light_extent,0
swap_91_shadow_swap,shadow_light_extent,0
swap_94_shadow_swap,shadow_light_extent,0
swap_95_shadow_swap,shadow_light_extent,0
swap_0_shadow_swap,shadow_light_extent,1
swap_1_shadow_swap,shadow_light_extent,1
swap_4_shadow_swap,shadow_light_extent,1
swap_5_shadow_swap,shadow_light_extent,1
swap_8_shadow_swap,shadow_light_extent,1
swap_9_shadow_swap,shadow_light_extent,1
swap_12_shadow_swap,shadow_light_extent,1
swap_13_shadow_swap,shadow_light_extent,1
swap_16_shadow_swap,shadow_light_extent,1
swap_17_shadow_swap,shadow_light_extent,1
swap_20_shadow_swap,shadow_light_extent,1
swap_21_shadow_swap,shadow_light_extent,1
swap_24_shadow_swap,shadow_light_extent,1
swap_25_shadow_swap,shadow_light_extent,1
swap_28_shadow_swap,shadow_light_extent,1
swap_29_shadow_swap,shadow_light_extent,1
swap_32_shadow_swap,shadow_light_extent,1
swap_33_shadow_swap,shadow_light_extent,1
swap_36_shadow_swap,shadow_light_extent,1
swap_37_shadow_swap,shadow_light_extent,1
swap_40_shadow_swap,shadow_light_extent,1
swap_41_shadow_swap,shadow_light_extent,1
swap_44_shadow_swap,shadow_light_extent,1
swap_45_shadow_swap,shadow_light_extent,1
swap_48_shadow_swap,shadow_light_extent,1
swap_49_shadow_swap,shadow_light_extent,1
swap_52_shadow_swap,shadow_light_extent,1
swap_53_shadow_swap,shadow_light_extent,1
swap_56_shadow_swap,shadow_light_extent,1
swap_57_shadow_swap,shadow_light_extent,1
swap_60_shadow_swap,shadow_light_extent,1
swap_61_shadow_swap,shadow_light_extent,1
swap_64_shadow_swap,shadow_light_extent,1
swap_65_shadow_swap,shadow_light_extent,1
swap_68_shadow_swap,shadow_light_extent,1
swap_69_shadow_swap,shadow_light_extent,1
swap_72_shadow_swap,shadow_light_extent,1
swap_73_shadow_swap,shadow_light_extent,1
swap_76_shadow_swap,shadow_light_extent,1
swap_77_shadow_swap,shadow_light_extent,1
swap_80_shadow_swap,shadow_light_extent,1
swap_81_shadow_swap,shadow_light_extent,1
swap_84_shadow_swap,shadow_light_extent,1
swap_85_shadow_swap,shadow_light_extent,1
swap_88_shadow_swap,shadow_light_extent,1
swap_89_shadow_swap,shadow_light_extent,1
swap_92_shadow_swap,shadow_light_extent,1
swap_93_shadow_swap,shadow_light_extent,1
swap_32_reflection_swap,reflection_shape,0
swap_33_reflection_swap,reflection_shape,0
swap_34_reflection_swap,reflection_shape,0
swap_35_reflection_swap,reflection_shape,0
swap_48_reflection_swap,reflection_shape,0
swap_49_reflection_swap,reflection_shape,0
swap_50_reflection_swap,reflection_shape,0
swap_51_reflection_swap,reflection_shape,0
swap_36_reflection_swap,reflection_shape,1
swap_37_reflection_swap,reflection_shape,1
swap_38_reflection_swap,reflection_shape,1
swap_39_reflection_swap,reflection_shape,1
swap_52_reflection_swap,reflection_shape,1
swap_53_reflection_swap,reflection_shape,1
swap_54_reflection_swap,reflection_shape,1
swap_55_reflection_swap,reflection_shape,1
swap_40_reflection_swap,reflection_shape,2
swap_41_reflection_swap,reflection_shape,2
swap_42_reflection_swap,reflection_shape,2
swap_43_reflection_swap,reflection_shape,2
swap_56_reflection_swap,reflection_shape,2
swap_57_reflection_swap,reflection_shape,2
swap_58_reflection_swap,reflection_shape,2
swap_59_reflection_swap,reflection_shape,2
swap_44_reflection_swap,reflection_shape,3
swap_45_reflection_swap,reflection_shape,3
swap_46_reflection_swap,reflection_shape,3
swap_47_reflection_swap,reflection_shape,3
swap_60_reflection_swap,reflection_shape,3
swap_61_reflection_swap,reflection_shape,3
swap_62_reflection_swap,reflection_shape,3
swap_63_reflection_swap,reflection_shape,3
swap_0_reflection_swap,reflection_rotation,0
swap_1_reflection_swap,reflection_rotation,0
swap_2_reflection_swap,reflection_rotation,0
swap_3_reflection_swap,reflection_rotation,0
swap_16_reflection_swap,reflection_rotation,0
swap_17_reflection_swap,reflection_rotation,0
swap_18_reflection_swap,reflection_rotation,0
swap_19_reflection_swap,reflection_rotation,0
swap_4_reflection_swap,reflection_rotation,1
swap_5_reflection_swap,reflection_rotation,1
swap_6_reflection_swap,reflection_rotation,1
swap_7_reflection_swap,reflection_rotation,1
swap_20_reflection_swap,reflection_rotation,1
swap_21_reflection_swap,reflection_rotation,1
swap_22_reflection_swap,reflection_rotation,1
swap_23_reflection_swap,reflection_rotation,1
swap_8_reflection_swap,reflection_rotation,2
swap_9_reflection_swap,reflection_rotation,2
swap_10_reflection_swap,reflection_rotation,2
swap_11_reflection_swap,reflection_rotation,2
swap_24_reflection_swap,reflection_rotation,2
swap_25_reflection_swap,reflection_rotation,2
swap_26_reflection_swap,reflection_rotation,2
swap_27_reflection_swap,reflection_rotation,2
swap_12_reflection_swap,reflection_rotation,3
swap_13_reflection_swap,reflection_rotation,3
swap_14_reflection_swap,reflection_rotation,3
swap_15_reflection_swap,reflection_rotation,3
swap_28_reflection_swap,reflection_rotation,3
swap_29_reflection_swap,reflection_rotation,3
swap_30_reflection_swap,reflection_rotation,3
swap_31_reflection_swap,reflection_rotation,3
swap_64_reflection_swap,reflection_color,0
swap_65_reflection_swap,reflection_color,0
swap_66_reflection_swap,reflection_color,0
swap_67_reflection_swap,reflection_color,0
swap_80_reflection_swap,reflection_color,0
swap_81_reflection_swap,reflection_color,0
swap_82_reflection_swap,reflection_color,0
swap_83_reflection_swap,reflection_color,0
swap_68_reflection_swap,reflection_color,1
swap_69_reflection_swap,reflection_color,1
swap_70_reflection_swap,reflection_color,1
swap_71_reflection_swap,reflection_color,1
swap_84_reflection_swap,reflection_color,1
swap_85_reflection_swap,reflection_color,1
swap_86_reflection_swap,reflection_color,1
swap_87_reflection_swap,reflection_color,1
swap_72_reflection_swap,reflection_color,2
swap_73_reflection_swap,reflection_color,2
swap_74_reflection_swap,reflection_color,2
swap_75_reflection_swap,reflection_color,2
swap_88_reflection_swap,reflection_color,2
swap_89_reflection_swap,reflection_color,2
swap_90_reflection_swap,reflection_color,2
swap_91_reflection_swap,reflection_color,2
swap_76_reflection_swap,reflection_color,3
swap_77_reflection_swap,reflection_color,3
swap_78_reflection_swap,reflection_color,3
swap_79_reflection_swap,reflection_color,3
swap_92_reflection_swap,reflection_color,3
swap_93_reflection_swap,reflection_color,3
swap_94_reflection_swap,reflection_color,3
swap_95_reflection_swap,reflection_color,3
swap_0_reflection_swap,reflection_height,0
swap_1_reflection_swap,reflection_height,0
swap_4_reflection_swap,reflection_height,0
swap_5_reflection_swap,reflection_height,0
swap_8_reflection_swap,reflection_height,0
swap_9_reflection_swap,reflection_height,0
swap_12_reflection_swap,reflection_height,0
swap_13_reflection_swap,reflection_height,0
swap_16_reflection_swap,reflection_height,0
swap_17_reflection_swap,reflection_height,0
swap_20_reflection_swap,reflection_height,0
swap_21_reflection_swap,reflection_height,0
swap_24_reflection_swap,reflection_height,0
swap_25_reflection_swap,reflection_height,0
swap_28_reflection_swap,reflection_height,0
swap_29_reflection_swap,reflection_height,0
swap_32_reflection_swap,reflection_height,0
swap_33_reflection_swap,reflection_height,0
swap_36_reflection_swap,reflection_height,0
swap_37_reflection_swap,reflection_height,0
swap_40_reflection_swap,reflection_height,0
swap_41_reflection_swap,reflection_height,0
swap_44_reflection_swap,reflection_height,0
swap_45_reflection_swap,reflection_height,0
swap_48_reflection_swap,reflection_height,0
swap_49_reflection_swap,reflection_height,0
swap_52_reflection_swap,reflection_height,0
swap_53_reflection_swap,reflection_height,0
swap_56_reflection_swap,reflection_height,0
swap_57_reflection_swap,reflection_height,0
swap_60_reflection_swap,reflection_height,0
swap_61_reflection_swap,reflection_height,0
swap_64_reflection_swap,reflection_height,0
swap_65_reflection_swap,reflection_height,0
swap_68_reflection_swap,reflection_height,0
swap_69_reflection_swap,reflection_height,0
swap_72_reflection_swap,reflection_height,0
swap_73_reflection_swap,reflection_height,0
swap_76_reflection_swap,reflection_height,0
swap_77_reflection_swap,reflection_height,0
swap_80_reflection_swap,reflection_height,0
swap_81_reflection_swap,reflection_height,0
swap_84_reflection_swap,reflection_height,0
swap_85_reflection_swap,reflection_height,0
swap_88_reflection_swap,reflection_height,0
swap_89_reflection_swap,reflection_height,0
swap_92_reflection_swap,reflection_height,0
swap_93_reflection_swap,reflection_height,0
swap_2_reflection_swap,reflection_height,1
swap_3_reflection_swap,reflection_height,1
swap_6_reflection_swap,reflection_height,1
swap_7_reflection_swap,reflection_height,1
swap_10_reflection_swap,reflection_height,1
swap_11_reflection_swap,reflection_height,1
swap_14_reflection_swap,reflection_height,1
swap_15_reflection_swap,reflection_height,1
swap_18_reflection_swap,reflection_height,1
swap_19_reflection_swap,reflection_height,1
swap_22_reflection_swap,reflection_height,1
swap_23_reflection_swap,reflection_height,1
swap_26_reflection_swap,reflection_height,1
swap_27_reflection_swap,reflection_height,1
swap_30_reflection_swap,reflection_height,1
swap_31_reflection_swap,reflection_height,1
swap_34_reflection_swap,reflection_height,1
swap_35_reflection_swap,reflection_height,1
swap_38_reflection_swap,reflection_height,1
swap_39_reflection_swap,reflection_height,1
swap_42_reflection_swap,reflection_height,1
swap_43_reflection_swap,reflection_height,1
swap_46_reflection_swap,reflection_height,1
swap_47_reflection_swap,reflection_height,1
swap_50_reflection_swap,reflection_height,1
swap_51_reflection_swap,reflection_height,1
swap_54_reflection_swap,reflection_height,1
swap_55_reflection_swap,reflection_height,1
swap_58_reflection_swap,reflection_height,1
swap_59_reflection_swap,reflection_height,1
swap_62_reflection_swap,reflection_height,1
swap_63_reflection_swap,reflection_height,1
swap_66_reflection_swap,reflection_height,1
swap_67_reflection_swap,reflection_height,1
swap_70_reflection_swap,reflection_height,1
swap_71_reflection_swap,reflection_height,1
swap_74_reflection_swap,reflection_height,1
swap_75_reflection_swap,reflection_height,1
swap_78_reflection_swap,reflection_height,1
swap_79_reflection_swap,reflection_height,1
swap_82_reflection_swap,reflection_height,1
swap_83_reflection_swap,reflection_height,1
swap_86_reflection_swap,reflection_height,1
swap_87_reflection_swap,reflection_height,1
swap_90_reflection_swap,reflection_height,1
swap_91_reflection_swap,reflection_height,1
swap_94_reflection_swap,reflection_height,1
swap_95_reflection_swap,reflection_height,1
swap_16_reflection_swap,reflection_roughness,0
swap_17_reflection_swap,reflection_roughness,0
swap_18_reflection_swap,reflection_roughness,0
swap_19_reflection_swap,reflection_roughness,0
swap_20_reflection_swap,reflection_roughness,0
swap_21_reflection_swap,reflection_roughness,0
swap_22_reflection_swap,reflection_roughness,0
swap_23_reflection_swap,reflection_roughness,0
swap_24_reflection_swap,reflection_roughness,0
swap_25_reflection_swap,reflection_roughness,0
swap_26_reflection_swap,reflection_roughness,0
swap_27_reflection_swap,reflection_roughness,0
swap_28_reflection_swap,reflection_roughness,0
swap_29_reflection_swap,reflection_roughness,0
swap_30_reflection_swap,reflection_roughness,0
swap_31_reflection_swap,reflection_roughness,0
swap_48_reflection_swap,reflection_roughness,0
swap_49_reflection_swap,reflection_roughness,0
swap_50_reflection_swap,reflection_roughness,0
swap_51_reflection_swap,reflection_roughness,0
swap_52_reflection_swap,reflection_roughness,0
swap_53_reflection_swap,reflection_roughness,0
swap_54_reflection_swap,reflection_roughness,0
swap_55_reflection_swap,reflection_roughness,0
swap_56_reflection_swap,reflection_roughness,0
swap_57_reflection_swap,reflection_roughness,0
swap_58_reflection_swap,reflection_roughness,0
swap_59_reflection_swap,reflection_roughness,0
swap_60_reflection_swap,reflection_roughness,0
swap_61_reflection_swap,reflection_roughness,0
swap_62_reflection_swap,reflection_roughness,0
swap_63_reflection_swap,reflection_roughness,0
swap_80_reflection_swap,reflection_roughness,0
swap_81_reflection_swap,reflection_roughness,0
swap_82_reflection_swap,reflection_roughness,0
swap_83_reflection_swap,reflection_roughness,0
swap_84_reflection_swap,reflection_roughness,0
swap_85_reflection_swap,reflection_roughness,0
swap_86_reflection_swap,reflection_roughness,0
swap_87_reflection_swap,reflection_roughness,0
swap_88_reflection_swap,reflection_roughness,0
swap_89_reflection_swap,reflection_roughness,0
swap_90_reflection_swap,reflection_roughness,0
swap_91_reflection_swap,reflection_roughness,0
swap_92_reflection_swap,reflection_roughness,0
swap_93_reflection_swap,reflection_roughness,0
swap_94_reflection_swap,reflection_roughness,0
swap_95_reflection_swap,reflection_roughness,0
swap_0_reflection_swap,reflection_roughness,1
swap_1_reflection_swap,reflection_roughness,1
swap_2_reflection_swap,reflection_roughness,1
swap_3_reflection_swap,reflection_roughness,1
swap_4_reflection_swap,reflection_roughness,1
swap_5_reflection_swap,reflection_roughness,1
swap_6_reflection_swap,reflection_roughness,1
swap_7_reflection_swap,reflection_roughness,1
swap_8_reflection_swap,reflection_roughness,1
swap_9_reflection_swap,reflection_roughness,1
swap_10_reflection_swap,reflection_roughness,1
swap_11_reflection_swap,reflection_roughness,1
swap_12_reflection_swap,reflection_roughness,1
swap_13_reflection_swap,reflection_roughness,1
swap_14_reflection_swap,reflection_roughness,1
swap_15_reflection_swap,reflection_roughness,1
swap_32_reflection_swap,reflection_roughness,1
swap_33_reflection_swap,reflection_roughness,1
swap_34_reflection_swap,reflection_roughness,1
swap_35_reflection_swap,reflection_roughness,1
swap_36_reflection_swap,reflection_roughness,1
swap_37_reflection_swap,reflection_roughness,1
swap_38_reflection_swap,reflection_roughness,1
swap_39_reflection_swap,reflection_roughness,1
swap_40_reflection_swap,reflection_roughness,1
swap_41_reflection_swap,reflection_roughness,1
swap_42_reflection_swap,reflection_roughness,1
swap_43_reflection_swap,reflection_roughness,1
swap_44_reflection_swap,reflection_roughness,1
swap_45_reflection_swap,reflection_roughness,1
swap_46_reflection_swap,reflection_roughness,1
swap_47_reflection_swap,reflection_roughness,1
swap_64_reflection_swap,reflection_roughness,1
swap_65_reflection_swap,reflection_roughness,1
swap_66_reflection_swap,reflection_roughness,1
swap_67_reflection_swap,reflection_roughness,1
swap_68_reflection_swap,reflection_roughness,1
swap_69_reflection_swap,reflection_roughness,1
swap_70_reflection_swap,reflection_roughness,1
swap_71_reflection_swap,reflection_roughness,1
swap_72_reflection_swap,reflection_roughness,1
swap_73_reflection_swap,reflection_roughness,1
swap_74_reflection_swap,reflection_roughness,1
swap_75_reflection_swap,reflection_roughness,1
swap_76_reflection_swap,reflection_roughness,1
swap_77_reflection_swap,reflection_roughness,1
swap_78_reflection_swap,reflection_roughness,1
swap_79_reflection_swap,reflection_roughness,1
swap_0_lightdir_swap,light_shape,0
swap_1_lightdir_swap,light_shape,0
swap_2_lightdir_swap,light_shape,0
swap_3_lightdir_swap,light_shape,0
swap_4_lightdir_swap,light_shape,0
swap_5_lightdir_swap,light_shape,0
swap_6_lightdir_swap,light_shape,0
swap_7_lightdir_swap,light_shape,0
swap_48_lightdir_swap,light_shape,0
swap_49_lightdir_swap,light_shape,0
swap_50_lightdir_swap,light_shape,0
swap_51_lightdir_swap,light_shape,0
swap_52_lightdir_swap,light_shape,0
swap_53_lightdir_swap,light_shape,0
swap_54_lightdir_swap,light_shape,0
swap_55_lightdir_swap,light_shape,0
swap_8_lightdir_swap,light_shape,1
swap_9_lightdir_swap,light_shape,1
swap_10_lightdir_swap,light_shape,1
swap_11_lightdir_swap,light_shape,1
swap_12_lightdir_swap,light_shape,1
swap_13_lightdir_swap,light_shape,1
swap_14_lightdir_swap,light_shape,1
swap_15_lightdir_swap,light_shape,1
swap_56_lightdir_swap,light_shape,1
swap_57_lightdir_swap,light_shape,1
swap_58_lightdir_swap,light_shape,1
swap_59_lightdir_swap,light_shape,1
swap_60_lightdir_swap,light_shape,1
swap_61_lightdir_swap,light_shape,1
swap_62_lightdir_swap,light_shape,1
swap_63_lightdir_swap,light_shape,1
swap_16_lightdir_swap,light_shape,2
swap_17_lightdir_swap,light_shape,2
swap_18_lightdir_swap,light_shape,2
swap_19_lightdir_swap,light_shape,2
swap_20_lightdir_swap,light_shape,2
swap_21_lightdir_swap,light_shape,2
swap_22_lightdir_swap,light_shape,2
swap_23_lightdir_swap,light_shape,2
swap_64_lightdir_swap,light_shape,2
swap_65_lightdir_swap,light_shape,2
swap_66_lightdir_swap,light_shape,2
swap_67_lightdir_swap,light_shape,2
swap_68_lightdir_swap,light_shape,2
swap_69_lightdir_swap,light_shape,2
swap_70_lightdir_swap,light_shape,2
swap_71_lightdir_swap,light_shape,2
swap_32_lightdir_swap,light_shape,3
swap_33_lightdir_swap,light_shape,3
swap_34_lightdir_swap,light_shape,3
swap_35_lightdir_swap,light_shape,3
swap_36_lightdir_swap,light_shape,3
swap_37_lightdir_swap,light_shape,3
swap_38_lightdir_swap,light_shape,3
swap_39_lightdir_swap,light_shape,3
swap_80_lightdir_swap,light_shape,3
swap_81_lightdir_swap,light_shape,3
swap_82_lightdir_swap,light_shape,3
swap_83_lightdir_swap,light_shape,3
swap_84_lightdir_swap,light_shape,3
swap_85_lightdir_swap,light_shape,3
swap_86_lightdir_swap,light_shape,3
swap_87_lightdir_swap,light_shape,3
swap_40_lightdir_swap,light_shape,4
swap_41_lightdir_swap,light_shape,4
swap_42_lightdir_swap,light_shape,4
swap_43_lightdir_swap,light_shape,4
swap_44_lightdir_swap,light_shape,4
swap_45_lightdir_swap,light_shape,4
swap_46_lightdir_swap,light_shape,4
swap_47_lightdir_swap,light_shape,4
swap_88_lightdir_swap,light_shape,4
swap_89_lightdir_swap,light_shape,4
swap_90_lightdir_swap,light_shape,4
swap_91_lightdir_swap,light_shape,4
swap_92_lightdir_swap,light_shape,4
swap_93_lightdir_swap,light_shape,4
swap_94_lightdir_swap,light_shape,4
swap_95_lightdir_swap,light_shape,4
swap_24_lightdir_swap,light_shape,5
swap_25_lightdir_swap,light_shape,5
swap_26_lightdir_swap,light_shape,5
swap_27_lightdir_swap,light_shape,5
swap_28_lightdir_swap,light_shape,5
swap_29_lightdir_swap,light_shape,5
swap_30_lightdir_swap,light_shape,5
swap_31_lightdir_swap,light_shape,5
swap_72_lightdir_swap,light_shape,5
swap_73_lightdir_swap,light_shape,5
swap_74_lightdir_swap,light_shape,5
swap_75_lightdir_swap,light_shape,5
swap_76_lightdir_swap,light_shape,5
swap_77_lightdir_swap,light_shape,5
swap_78_lightdir_swap,light_shape,5
swap_79_lightdir_swap,light_shape,5
swap_48_lightdir_swap,light_material,0
swap_49_lightdir_swap,light_material,0
swap_50_lightdir_swap,light_material,0
swap_51_lightdir_swap,light_material,0
swap_52_lightdir_swap,light_material,0
swap_53_lightdir_swap,light_material,0
swap_54_lightdir_swap,light_material,0
swap_55_lightdir_swap,light_material,0
swap_56_lightdir_swap,light_material,0
swap_57_lightdir_swap,light_material,0
swap_58_lightdir_swap,light_material,0
swap_59_lightdir_swap,light_material,0
swap_60_lightdir_swap,light_material,0
swap_61_lightdir_swap,light_material,0
swap_62_lightdir_swap,light_material,0
swap_63_lightdir_swap,light_material,0
swap_64_lightdir_swap,light_material,0
swap_65_lightdir_swap,light_material,0
swap_66_lightdir_swap,light_material,0
swap_67_lightdir_swap,light_material,0
swap_68_lightdir_swap,light_material,0
swap_69_lightdir_swap,light_material,0
swap_70_lightdir_swap,light_material,0
swap_71_lightdir_swap,light_material,0
swap_72_lightdir_swap,light_material,0
swap_73_lightdir_swap,light_material,0
swap_74_lightdir_swap,light_material,0
swap_75_lightdir_swap,light_material,0
swap_76_lightdir_swap,light_material,0
swap_77_lightdir_swap,light_material,0
swap_78_lightdir_swap,light_material,0
swap_79_lightdir_swap,light_material,0
swap_80_lightdir_swap,light_material,0
swap_81_lightdir_swap,light_material,0
swap_82_lightdir_swap,light_material,0
swap_83_lightdir_swap,light_material,0
swap_84_lightdir_swap,light_material,0
swap_85_lightdir_swap,light_material,0
swap_86_lightdir_swap,light_material,0
swap_87_lightdir_swap,light_material,0
swap_88_lightdir_swap,light_material,0
swap_89_lightdir_swap,light_material,0
swap_90_lightdir_swap,light_material,0
swap_91_lightdir_swap,light_material,0
swap_92_lightdir_swap,light_material,0
swap_93_lightdir_swap,light_material,0
swap_94_lightdir_swap,light_material,0
swap_95_lightdir_swap,light_material,0
swap_0_lightdir_swap,light_material,1
swap_1_lightdir_swap,light_material,1
swap_2_lightdir_swap,light_material,1
swap_3_lightdir_swap,light_material,1
swap_4_lightdir_swap,light_material,1
swap_5_lightdir_swap,light_material,1
swap_6_lightdir_swap,light_material,1
swap_7_lightdir_swap,light_material,1
swap_8_lightdir_swap,light_material,1
swap_9_lightdir_swap,light_material,1
swap_10_lightdir_swap,light_material,1
swap_11_lightdir_swap,light_material,1
swap_12_lightdir_swap,light_material,1
swap_13_lightdir_swap,light_material,1
swap_14_lightdir_swap,light_material,1
swap_15_lightdir_swap,light_material,1
swap_16_lightdir_swap,light_material,1
swap_17_lightdir_swap,light_material,1
swap_18_lightdir_swap,light_material,1
swap_19_lightdir_swap,light_material,1
swap_20_lightdir_swap,light_material,1
swap_21_lightdir_swap,light_material,1
swap_22_lightdir_swap,light_material,1
swap_23_lightdir_swap,light_material,1
swap_24_lightdir_swap,light_material,1
swap_25_lightdir_swap,light_material,1
swap_26_lightdir_swap,light_material,1
swap_27_lightdir_swap,light_material,1
swap_28_lightdir_swap,light_material,1
swap_29_lightdir_swap,light_material,1
swap_30_lightdir_swap,light_material,1
swap_31_lightdir_swap,light_material,1
swap_32_lightdir_swap,light_material,1
swap_33_lightdir_swap,light_material,1
swap_34_lightdir_swap,light_material,1
swap_35_lightdir_swap,light_material,1
swap_36_lightdir_swap,light_material,1
swap_37_lightdir_swap,light_material,1
swap_38_lightdir_swap,light_material,1
swap_39_lightdir_swap,light_material,1
swap_40_lightdir_swap,light_material,1
swap_41_lightdir_swap,light_material,1
swap_42_lightdir_swap,light_material,1
swap_43_lightdir_swap,light_material,1
swap_44_lightdir_swap,light_material,1
swap_45_lightdir_swap,light_material,1
swap_46_lightdir_swap,light_material,1
swap_47_lightdir_swap,light_material,1
swap_0_lightdir_swap,light_height,0
swap_1_lightdir_swap,light_height,0
swap_2_lightdir_swap,light_height,0
swap_3_lightdir_swap,light_height,0
swap_8_lightdir_swap,light_height,0
swap_9_lightdir_swap,light_height,0
swap_10_lightdir_swap,light_height,0
swap_11_lightdir_swap,light_height,0
swap_16_lightdir_swap,light_height,0
swap_17_lightdir_swap,light_height,0
swap_18_lightdir_swap,light_height,0
swap_19_lightdir_swap,light_height,0
swap_24_lightdir_swap,light_height,0
swap_25_lightdir_swap,light_height,0
swap_26_lightdir_swap,light_height,0
swap_27_lightdir_swap,light_height,0
swap_32_lightdir_swap,light_height,0
swap_33_lightdir_swap,light_height,0
swap_34_lightdir_swap,light_height,0
swap_35_lightdir_swap,light_height,0
swap_40_lightdir_swap,light_height,0
swap_41_lightdir_swap,light_height,0
swap_42_lightdir_swap,light_height,0
swap_43_lightdir_swap,light_height,0
swap_48_lightdir_swap,light_height,0
swap_49_lightdir_swap,light_height,0
swap_50_lightdir_swap,light_height,0
swap_51_lightdir_swap,light_height,0
swap_56_lightdir_swap,light_height,0
swap_57_lightdir_swap,light_height,0
swap_58_lightdir_swap,light_height,0
swap_59_lightdir_swap,light_height,0
swap_64_lightdir_swap,light_height,0
swap_65_lightdir_swap,light_height,0
swap_66_lightdir_swap,light_height,0
swap_67_lightdir_swap,light_height,0
swap_72_lightdir_swap,light_height,0
swap_73_lightdir_swap,light_height,0
swap_74_lightdir_swap,light_height,0
swap_75_lightdir_swap,light_height,0
swap_80_lightdir_swap,light_height,0
swap_81_lightdir_swap,light_height,0
swap_82_lightdir_swap,light_height,0
swap_83_lightdir_swap,light_height,0
swap_88_lightdir_swap,light_height,0
swap_89_lightdir_swap,light_height,0
swap_90_lightdir_swap,light_height,0
swap_91_lightdir_swap,light_height,0
swap_4_lightdir_swap,light_height,1
swap_5_lightdir_swap,light_height,1
swap_6_lightdir_swap,light_height,1
swap_7_lightdir_swap,light_height,1
swap_12_lightdir_swap,light_height,1
swap_13_lightdir_swap,light_height,1
swap_14_lightdir_swap,light_height,1
swap_15_lightdir_swap,light_height,1
swap_20_lightdir_swap,light_height,1
swap_21_lightdir_swap,light_height,1
swap_22_lightdir_swap,light_height,1
swap_23_lightdir_swap,light_height,1
swap_28_lightdir_swap,light_height,1
swap_29_lightdir_swap,light_height,1
swap_30_lightdir_swap,light_height,1
swap_31_lightdir_swap,light_height,1
swap_36_lightdir_swap,light_height,1
swap_37_lightdir_swap,light_height,1
swap_38_lightdir_swap,light_height,1
swap_39_lightdir_swap,light_height,1
swap_44_lightdir_swap,light_height,1
swap_45_lightdir_swap,light_height,1
swap_46_lightdir_swap,light_height,1
swap_47_lightdir_swap,light_height,1
swap_52_lightdir_swap,light_height,1
swap_53_lightdir_swap,light_height,1
swap_54_lightdir_swap,light_height,1
swap_55_lightdir_swap,light_height,1
swap_60_lightdir_swap,light_height,1
swap_61_lightdir_swap,light_height,1
swap_62_lightdir_swap,light_height,1
swap_63_lightdir_swap,light_height,1
swap_68_lightdir_swap,light_height,1
swap_69_lightdir_swap,light_height,1
swap_70_lightdir_swap,light_height,1
swap_71_lightdir_swap,light_height,1
swap_76_lightdir_swap,light_height,1
swap_77_lightdir_swap,light_height,1
swap_78_lightdir_swap,light_height,1
swap_79_lightdir_swap,light_height,1
swap_84_lightdir_swap,light_height,1
swap_85_lightdir_swap,light_height,1
swap_86_lightdir_swap,light_height,1
swap_87_lightdir_swap,light_height,1
swap_92_lightdir_swap,light_height,1
swap_93_lightdir_swap,light_height,1
swap_94_lightdir_swap,light_height,1
swap_95_lightdir_swap,light_height,1
swap_0_lightdir_swap,light_angle,0
swap_1_lightdir_swap,light_angle,0
swap_4_lightdir_swap,light_angle,0
swap_5_lightdir_swap,light_angle,0
swap_8_lightdir_swap,light_angle,0
swap_9_lightdir_swap,light_angle,0
swap_12_lightdir_swap,light_angle,0
swap_13_lightdir_swap,light_angle,0
swap_16_lightdir_swap,light_angle,0
swap_17_lightdir_swap,light_angle,0
swap_20_lightdir_swap,light_angle,0
swap_21_lightdir_swap,light_angle,0
swap_24_lightdir_swap,light_angle,0
swap_25_lightdir_swap,light_angle,0
swap_28_lightdir_swap,light_angle,0
swap_29_lightdir_swap,light_angle,0
swap_32_lightdir_swap,light_angle,0
swap_33_lightdir_swap,light_angle,0
swap_36_lightdir_swap,light_angle,0
swap_37_lightdir_swap,light_angle,0
swap_40_lightdir_swap,light_angle,0
swap_41_lightdir_swap,light_angle,0
swap_44_lightdir_swap,light_angle,0
swap_45_lightdir_swap,light_angle,0
swap_48_lightdir_swap,light_angle,0
swap_49_lightdir_swap,light_angle,0
swap_52_lightdir_swap,light_angle,0
swap_53_lightdir_swap,light_angle,0
swap_56_lightdir_swap,light_angle,0
swap_57_lightdir_swap,light_angle,0
swap_60_lightdir_swap,light_angle,0
swap_61_lightdir_swap,light_angle,0
swap_64_lightdir_swap,light_angle,0
swap_65_lightdir_swap,light_angle,0
swap_68_lightdir_swap,light_angle,0
swap_69_lightdir_swap,light_angle,0
swap_72_lightdir_swap,light_angle,0
swap_73_lightdir_swap,light_angle,0
swap_76_lightdir_swap,light_angle,0
swap_77_lightdir_swap,light_angle,0
swap_80_lightdir_swap,light_angle,0
swap_81_lightdir_swap,light_angle,0
swap_84_lightdir_swap,light_angle,0
swap_85_lightdir_swap,light_angle,0
swap_88_lightdir_swap,light_angle,0
swap_89_lightdir_swap,light_angle,0
swap_92_lightdir_swap,light_angle,0
swap_93_lightdir_swap,light_angle,0
swap_2_lightdir_swap,light_angle,1
swap_3_lightdir_swap,light_angle,1
swap_6_lightdir_swap,light_angle,1
swap_7_lightdir_swap,light_angle,1
swap_10_lightdir_swap,light_angle,1
swap_11_lightdir_swap,light_angle,1
swap_14_lightdir_swap,light_angle,1
swap_15_lightdir_swap,light_angle,1
swap_18_lightdir_swap,light_angle,1
swap_19_lightdir_swap,light_angle,1
swap_22_lightdir_swap,light_angle,1
swap_23_lightdir_swap,light_angle,1
swap_26_lightdir_swap,light_angle,1
swap_27_lightdir_swap,light_angle,1
swap_30_lightdir_swap,light_angle,1
swap_31_lightdir_swap,light_angle,1
swap_34_lightdir_swap,light_angle,1
swap_35_lightdir_swap,light_angle,1
swap_38_lightdir_swap,light_angle,1
swap_39_lightdir_swap,light_angle,1
swap_42_lightdir_swap,light_angle,1
swap_43_lightdir_swap,light_angle,1
swap_46_lightdir_swap,light_angle,1
swap_47_lightdir_swap,light_angle,1
swap_50_lightdir_swap,light_angle,1
swap_51_lightdir_swap,light_angle,1
swap_54_lightdir_swap,light_angle,1
swap_55_lightdir_swap,light_angle,1
swap_58_lightdir_swap,light_angle,1
swap_59_lightdir_swap,light_angle,1
swap_62_lightdir_swap,light_angle,1
swap_63_lightdir_swap,light_angle,1
swap_66_lightdir_swap,light_angle,1
swap_67_lightdir_swap,light_angle,1
swap_70_lightdir_swap,light_angle,1
swap_71_lightdir_swap,light_angle,1
swap_74_lightdir_swap,light_angle,1
swap_75_lightdir_swap,light_angle,1
swap_78_lightdir_swap,light_angle,1
swap_79_lightdir_swap,light_angle,1
swap_82_lightdir_swap,light_angle,1
swap_83_lightdir_swap,light_angle,1
swap_86_lightdir_swap,light_angle,1
swap_87_lightdir_swap,light_angle,1
swap_90_lightdir_swap,light_angle,1
swap_91_lightdir_swap,light_angle,1
swap_94_lightdir_swap,light_angle,1
swap_95_lightdir_swap,light_angle,1
