pair_id,score,original_mean_naturalness,original_n_responses,original_rating_sd,original_rating_count_1,original_rating_count_2,original_rating_count_3,original_rating_count_4,original_rating_count_5,modified_mean_naturalness,modified_n_responses,modified_rating_sd,modified_rating_count_1,modified_rating_count_2,modified_rating_count_3,modified_rating_count_4,modified_rating_count_5
thatcher_0_inv,0.5862068965517242,3.103448275862069,29,1.1247935469172476,2,8,7,9,3,2.5172413793103448,29,0.9692047808658756,5,9,10,5,0
thatcher_0_str,2.131578947368421,3.8157894736842106,38,1.022259189450265,1,3,9,14,11,1.6842105263157894,38,0.9206766149755738,20,13,3,1,1
thatcher_1_inv,1.2413793103448274,3.8275862068965516,29,0.9123280382981346,0,2,9,10,8,2.586206896551724,29,1.099129479345464,5,10,7,6,1
thatcher_1_str,3.0526315789473686,4.315789473684211,38,0.8916354918998641,1,0,5,12,20,1.263157894736842,38,0.4965253227398213,29,8,1,0,0
thatcher_2_inv,-0.1724137931034484,3.5172413793103448,29,1.102370162975571,1,5,7,10,6,3.689655172413793,29,1.086070051587836,1,4,5,12,7
thatcher_2_str,1.552631578947368,4.578947368421052,38,0.5907880084379907,0,0,2,12,24,3.026315789473684,38,1.202778408634362,5,7,13,8,5
thatcher_3_inv,1.9655172413793105,3.7586206896551726,29,0.677478713944431,0,2,5,20,2,1.793103448275862,29,0.8858781088734573,14,8,6,1,0
thatcher_3_str,3.1842105263157894,4.526315789473684,38,0.7158668688808126,0,0,5,8,25,1.3421052631578947,38,0.6599966423149712,28,8,1,1,0
thatcher_4_inv,1.3103448275862069,3.7241379310344827,29,0.9789703149364407,0,4,7,11,7,2.413793103448276,29,0.9291167989867226,5,11,9,4,0
thatcher_4_str,2.8421052631578947,4.157894736842105,38,0.9326339550878605,1,2,2,18,15,1.3157894736842106,38,0.7645178445438923,30,6,1,0,1
thatcher_5_inv,0.6896551724137931,3.586206896551724,29,1.00059435369289,0,6,5,13,5,2.896551724137931,29,0.9946348346107557,3,7,9,10,0
thatcher_5_str,2.473684210526316,4.131578947368421,38,1.127900999565097,2,2,4,11,19,1.6578947368421053,38,0.8966697388105695,22,9,5,2,0
thatcher_6_inv,0.7931034482758621,3.9655172413793105,29,0.9278361411774974,1,1,4,15,8,3.1724137931034484,29,1.1467785619528201,2,6,11,5,5
thatcher_6_str,2.8421052631578942,4.578947368421052,38,0.6740130776245106,0,1,1,11,25,1.736842105263158,38,0.7498845709881582,17,14,7,0,0
thatcher_7_inv,0.896551724137931,4.0,29,0.8709883407113854,0,1,8,10,10,3.103448275862069,29,1.0287195786328482,2,6,10,9,2
thatcher_7_str,3.1578947368421053,4.552631578947368,38,0.6364940327604119,0,0,3,11,24,1.394736842105263,38,0.5866709686738935,25,11,2,0,0
thatcher_8_inv,1.310344827586207,3.2758620689655173,29,0.9057879680388756,1,3,15,7,3,1.9655172413793103,29,0.9278361411774972,9,15,3,1,1
thatcher_8_str,3.052631578947369,4.105263157894737,38,1.0708942078618844,2,1,5,13,17,1.0526315789473684,38,0.3201453963314853,37,0,1,0,0
thatcher_9_inv,1.3793103448275863,2.896551724137931,29,1.2688530684809722,6,5,6,10,2,1.5172413793103448,29,0.6757213083539801,17,9,3,0,0
thatcher_9_str,3.2631578947368425,4.447368421052632,38,0.6364940327604119,0,0,3,15,20,1.1842105263157894,38,0.3876557858593746,31,7,0,0,0
thatcher_10_inv,0.3103448275862068,2.7241379310344827,29,1.0470501000475156,3,11,7,7,1,2.413793103448276,29,1.0344827586206895,6,10,9,3,1
thatcher_10_str,1.6842105263157896,3.0526315789473686,38,1.2762479634718042,4,11,9,7,7,1.368421052631579,38,0.6249653730019955,27,8,3,0,0
thatcher_11_inv,0.5862068965517242,3.586206896551724,29,1.0672956924511834,1,5,4,14,5,3.0,29,1.0504514628777804,2,8,9,8,2
thatcher_11_str,2.921052631578948,4.184210526315789,38,0.9135028925110411,1,1,4,16,16,1.263157894736842,38,0.49652532273982125,29,8,1,0,0
thatcher_12_inv,0.5862068965517242,3.689655172413793,29,0.9862310100741443,1,2,8,12,6,3.103448275862069,29,1.028719578632848,2,5,13,6,3
thatcher_12_str,1.6842105263157898,4.2894736842105265,38,0.9975732326855193,2,0,3,13,20,2.6052631578947367,38,1.1593889879952992,8,10,11,7,2
thatcher_13_inv,1.827586206896552,3.8620689655172415,29,0.8189201439336495,0,2,6,15,6,2.0344827586206895,29,1.0333326940532206,11,9,7,1,1
thatcher_13_str,2.631578947368421,4.0,38,1.2565617248750864,3,3,3,11,18,1.368421052631579,38,0.7753115717187492,28,8,1,0,1
thatcher_14_inv,0.5172413793103443,4.068965517241379,29,1.014754411693942,0,2,8,5,14,3.5517241379310347,29,1.0367790605774418,2,1,10,11,5
thatcher_14_str,1.6578947368421053,4.526315789473684,38,0.6381239817359022,0,1,0,15,22,2.8684210526315788,38,1.2601389361908295,5,12,10,5,6
thatcher_15_inv,0.6551724137931036,3.8620689655172415,29,0.936763979807319,0,3,6,12,8,3.206896551724138,29,1.1258501874010005,1,9,6,9,4
thatcher_15_str,2.8157894736842106,4.2631578947368425,38,0.9647527778854398,2,0,2,16,18,1.4473684210526316,38,0.714414313710433,26,7,5,0,0
thatcher_16_inv,0.1034482758620689,3.586206896551724,29,0.9655172413793103,0,5,7,12,5,3.4827586206896552,29,0.9692047808658756,0,6,7,12,4
thatcher_16_str,2.0000000000000004,4.105263157894737,38,1.0708942078618846,2,1,5,13,17,2.1052631578947367,38,1.2093816097974799,17,7,9,3,2
thatcher_17_inv,0.8620689655172411,3.6206896551724137,29,1.0958792125566,2,2,7,12,6,2.7586206896551726,29,1.0053365335940172,2,11,10,4,2
thatcher_17_str,3.026315789473684,4.368421052631579,38,0.929659038560826,0,3,3,9,23,1.3421052631578947,38,0.5269732735394943,26,11,1,0,0
thatcher_18_inv,1.2068965517241377,4.068965517241379,29,0.9070997543424761,0,2,5,11,11,2.8620689655172415,29,1.1363625553989023,3,11,3,11,1
thatcher_18_str,2.605263157894737,4.0,38,0.9459053029269173,1,1,8,15,13,1.394736842105263,38,0.7085743167282241,27,8,2,1,0
thatcher_19_inv,1.172413793103448,4.068965517241379,29,0.8275862068965516,0,1,6,12,10,2.896551724137931,29,1.0617106426441831,1,13,5,8,2
thatcher_19_str,3.3157894736842106,4.605263157894737,38,0.7447879841097319,1,0,0,11,26,1.2894736842105263,38,0.824234724387675,32,4,0,1,1
thatcher_20_inv,0.1724137931034479,2.9310344827586206,29,1.1426235535021305,4,7,6,11,1,2.7586206896551726,29,0.9342218747685562,2,10,11,5,1
thatcher_20_str,1.5789473684210529,3.210526315789474,38,1.173341937347787,4,7,8,15,4,1.631578947368421,38,0.9575476525610658,21,14,1,0,2
thatcher_21_inv,1.4137931034482758,3.5172413793103448,29,1.102370162975571,0,7,7,8,7,2.103448275862069,29,0.9226957351903209,7,15,5,1,1
thatcher_21_str,3.1578947368421053,4.2105263157894735,38,1.004146527807311,2,0,4,14,18,1.0526315789473684,38,0.22329687826943603,36,2,0,0,0
thatcher_22_inv,1.0689655172413794,3.1724137931034484,29,1.1467785619528201,2,7,8,8,4,2.103448275862069,29,0.9226957351903209,8,13,5,3,0
thatcher_22_str,3.026315789473684,4.184210526315789,38,0.9418700088512254,0,3,5,12,18,1.1578947368421053,38,0.43080804062486583,33,4,1,0,0
thatcher_23_inv,0.4482758620689657,3.586206896551724,29,0.891230895401385,0,4,8,13,4,3.1379310344827585,29,1.1056013477159585,2,7,8,9,3
thatcher_23_str,2.3157894736842106,4.2894736842105265,38,0.7221275123164338,0,1,3,18,16,1.9736842105263157,38,0.959354007029378,13,17,5,2,1
thatcher_24_inv,0.7931034482758621,3.793103448275862,29,0.923983517722363,0,3,7,12,7,3.0,29,1.0170952554312156,2,8,8,10,1
thatcher_24_str,2.894736842105264,4.2894736842105265,38,0.8857911936687807,0,3,2,14,19,1.394736842105263,38,0.7085743167282241,27,8,2,1,0
thatcher_25_inv,0.896551724137931,3.689655172413793,29,0.9862310100741443,0,4,8,10,7,2.793103448275862,29,1.4234322372793307,8,5,5,7,4
thatcher_25_str,3.5,4.552631578947368,38,0.7846342903092407,1,0,1,11,25,1.0526315789473684,38,0.22329687826943603,36,2,0,0,0
thatcher_26_inv,2.275862068965517,4.068965517241379,29,0.6913771605435662,0,0,6,15,8,1.793103448275862,29,1.0298747946943503,15,8,4,1,1
thatcher_26_str,3.052631578947369,4.105263157894737,38,0.9944444014574306,2,0,5,16,15,1.0526315789473684,38,0.22329687826943603,36,2,0,0,0
thatcher_27_inv,1.103448275862069,3.8275862068965516,29,0.7908513752537734,0,1,9,13,6,2.7241379310344827,29,0.8668831096535542,2,10,11,6,0
thatcher_27_str,2.894736842105263,4.078947368421052,38,1.0608233879340199,1,3,5,12,17,1.1842105263157894,38,0.3876557858593746,31,7,0,0,0
thatcher_28_inv,1.4482758620689655,3.7586206896551726,29,0.9704308468600199,1,3,3,17,5,2.310344827586207,29,0.8750743131344497,5,13,8,3,0
thatcher_28_str,2.4473684210526314,4.026315789473684,38,1.0634314395356184,2,1,6,14,15,1.5789473684210527,38,1.0164846271488406,25,8,3,0,2
thatcher_29_inv,1.827586206896552,3.5517241379310347,29,0.9679771619047035,0,5,8,11,5,1.7241379310344827,29,1.0135819625309703,16,8,3,1,1
thatcher_29_str,3.236842105263157,4.552631578947368,38,0.5937112722462358,0,0,2,13,23,1.3157894736842106,38,0.7645178445438923,30,6,1,0,1
thatcher_30_inv,1.0344827586206895,3.689655172413793,29,1.020596454272327,0,4,9,8,8,2.6551724137931036,29,1.0915304683685803,5,8,9,6,1
thatcher_30_str,2.5,4.157894736842105,38,1.0888505718724844,2,1,5,11,19,1.6578947368421053,38,0.8668246890526634,19,16,1,1,1
thatcher_31_inv,1.896551724137931,3.896551724137931,29,1.184521657746046,1,3,7,5,13,2.0,29,1.1141720290623112,12,10,3,3,1
thatcher_31_str,2.8684210526315788,3.9210526315789473,38,1.2004731292586361,4,0,5,15,14,1.0526315789473684,38,0.22329687826943603,36,2,0,0,0
thatcher_32_inv,0.896551724137931,3.6206896551724137,29,0.9970229168828249,0,5,7,11,6,2.7241379310344827,29,0.9057879680388757,2,10,12,4,1
thatcher_32_str,2.5,4.315789473684211,38,0.9206766149755738,1,1,3,13,20,1.8157894736842106,38,1.0725096774902543,18,15,1,2,2
thatcher_33_inv,0.827586206896552,3.5517241379310347,29,0.8938952687459119,0,4,9,12,4,2.7241379310344827,29,1.0135819625309703,3,10,9,6,1
thatcher_33_str,3.105263157894737,4.2631578947368425,38,0.8791206888678983,0,3,2,15,18,1.1578947368421053,38,0.43080804062486583,33,4,1,0,0
thatcher_34_inv,0.7931034482758621,2.8620689655172415,29,0.9367639798073192,0,13,9,5,2,2.0689655172413794,29,1.0805820424822343,10,12,3,3,1
thatcher_34_str,1.921052631578948,3.0789473684210527,38,1.2435428790221748,5,7,12,8,6,1.1578947368421053,38,0.3646422752776584,32,6,0,0,0
thatcher_35_inv,2.026315789473684,4.052631578947368,38,1.0246274912595676,2,0,7,14,15,2.026315789473684,38,1.111822640751453,16,11,6,4,1
thatcher_35_str,3.340909090909092,4.386363636363637,44,0.8846136570922075,1,0,6,11,26,1.0454545454545454,44,0.20829889522526546,42,2,0,0,0
thatcher_36_inv,1.736842105263158,3.4210526315789473,38,1.2488221597583866,4,5,8,13,8,1.6842105263157894,38,0.8305123072662897,19,14,3,2,0
thatcher_36_str,3.4318181818181817,4.454545454545454,44,0.8105706590966822,0,2,3,12,27,1.0227272727272727,44,0.14903269373413638,43,1,0,0,0
thatcher_37_inv,1.0,3.026315789473684,38,1.2244621183296676,5,9,8,12,4,2.026315789473684,38,1.2244621183296676,18,9,5,4,2
thatcher_37_str,1.9318181818181817,3.1818181818181817,44,1.3189652844133555,8,3,14,11,8,1.25,44,0.6077155435054972,36,6,1,1,0
thatcher_38_inv,1.9210526315789471,3.4473684210526314,38,1.3317453609347363,5,5,5,14,9,1.5263157894736843,38,0.6781104593013224,22,12,4,0,0
thatcher_38_str,3.0454545454545454,4.090909090909091,44,1.1040870728628291,2,2,7,12,21,1.0454545454545454,44,0.20829889522526548,42,2,0,0,0
thatcher_39_inv,0.3947368421052628,2.789473684210526,38,1.1506953215302866,6,10,10,10,2,2.3947368421052633,38,1.0397234876388637,7,16,10,3,2
thatcher_39_str,2.204545454545455,3.8181818181818183,44,1.0061792555081206,0,6,9,16,13,1.6136363636363635,44,0.9585953049528702,29,6,6,3,0
thatcher_40_inv,0.5789473684210527,3.473684210526316,38,1.1862555441668048,4,3,9,15,7,2.8947368421052633,38,1.1189627171299632,4,12,8,12,2
thatcher_40_str,2.7727272727272725,4.159090909090909,44,1.0432288561389547,1,4,3,15,21,1.3863636363636365,44,0.647228675722643,30,12,1,1,0
thatcher_41_inv,1.5,3.973684210526316,38,1.0878961372944413,2,1,8,12,15,2.473684210526316,38,1.1410254415094105,9,11,11,5,2
thatcher_41_str,3.045454545454545,4.431818181818182,44,0.7197767100960508,0,0,6,13,25,1.3863636363636365,44,0.6111058936249433,30,11,3,0,0
thatcher_42_inv,1.473684210526316,3.9210526315789473,38,1.1783480619599005,3,2,4,15,14,2.4473684210526314,38,1.3706964887479387,13,8,9,3,5
thatcher_42_str,3.1363636363636367,4.295454545454546,44,0.9903981167954966,1,3,2,14,24,1.1590909090909092,44,0.5617821406503761,40,2,1,1,0
thatcher_43_inv,0.763157894736842,3.5,38,1.332784974957958,3,8,6,9,12,2.736842105263158,38,1.207088941176812,7,10,10,8,3
thatcher_43_str,2.9318181818181817,4.2727272727272725,44,1.0305258226140577,2,2,1,16,23,1.3409090909090908,44,0.7052782113264955,34,6,3,1,0
thatcher_44_inv,0.8947368421052628,3.6052631578947367,38,1.2039293930208288,3,4,8,13,10,2.710526315789474,38,0.9975732326855193,4,13,12,8,1
thatcher_44_str,2.9318181818181825,4.295454545454546,44,0.7561729436188238,0,1,5,18,20,1.3636363636363635,44,0.606439275642106,31,10,3,0,0
thatcher_45_inv,1.4473684210526314,3.9210526315789473,38,1.0099916348629203,2,1,6,18,11,2.473684210526316,38,1.1638602309208412,10,9,12,5,2
thatcher_45_str,2.840909090909091,4.431818181818182,44,0.6874765210115534,0,0,5,15,24,1.5909090909090908,44,0.6508100483307433,22,18,4,0,0
thatcher_46_inv,0.7894736842105261,4.0,38,1.2565617248750864,4,1,3,13,17,3.210526315789474,38,1.2388002416778758,4,8,8,12,6
thatcher_46_str,2.954545454545455,4.7272727272727275,44,0.5378254348272378,0,0,2,8,34,1.7727272727272727,44,0.950206589107585,22,13,7,1,1
thatcher_47_inv,0.0,2.9210526315789473,38,1.1783480619599005,5,9,12,8,4,2.9210526315789473,38,1.2004731292586361,4,13,7,10,4
thatcher_47_str,2.75,4.409090909090909,44,1.0513666823836705,2,1,4,7,30,1.6590909090909092,44,0.8241574711122158,23,15,4,2,0
thatcher_48_inv,1.3947368421052633,3.5526315789473686,38,1.2073757628373119,4,3,7,16,8,2.1578947368421053,38,0.9326339550878604,11,13,11,3,0
thatcher_48_str,3.090909090909092,4.386363636363637,44,0.8316442937969086,0,1,7,10,26,1.2954545454545454,44,0.6244832574560949,35,5,4,0,0
thatcher_49_inv,1.052631578947368,3.6052631578947367,38,1.2678094179416741,4,5,2,18,9,2.5526315789473686,38,1.162967357578124,8,12,9,7,2
thatcher_49_str,2.386363636363636,4.204545454545454,44,0.9671783104978733,1,1,8,12,22,1.8181818181818181,44,0.8860722131644512,20,14,8,2,0
thatcher_50_inv,0.5526315789473686,3.5789473684210527,38,1.2059409723568,4,2,9,14,9,3.026315789473684,38,1.1581937412981782,4,8,14,7,5
thatcher_50_str,2.25,3.909090909090909,44,1.0621201314134474,1,5,6,17,15,1.6590909090909092,44,0.8512873091058202,25,10,8,1,0
thatcher_51_inv,2.1052631578947367,3.789473684210526,38,1.1506953215302866,2,4,6,14,12,1.6842105263157894,38,1.0286747518785295,24,5,7,1,1
thatcher_51_str,3.727272727272727,4.7727272727272725,44,0.4190702026042222,0,0,0,10,34,1.0454545454545454,44,0.20829889522526548,42,2,0,0,0
thatcher_52_inv,0.6052631578947372,4.105263157894737,38,1.020564180508701,2,0,6,14,16,3.5,38,1.1865474018521576,3,4,11,11,9
thatcher_52_str,3.2954545454545454,4.840909090909091,44,0.3657608395325246,0,0,0,7,37,1.5454545454545454,44,0.721568539381252,26,12,6,0,0
thatcher_53_inv,1.684210526315789,4.2368421052631575,38,1.086622253792767,3,0,1,15,19,2.5526315789473686,38,1.1167944828380498,8,11,10,8,1
thatcher_53_str,3.409090909090909,4.636363636363637,44,0.5677270907634907,0,0,2,12,30,1.2272727272727273,44,0.5162643950727521,36,6,2,0,0
thatcher_54_inv,1.0789473684210529,3.9210526315789473,38,1.08534687512112,3,1,3,20,11,2.8421052631578947,38,1.2466020297186329,6,9,14,3,6
thatcher_54_str,3.1590909090909087,4.454545454545454,44,0.655554777357089,0,0,4,16,24,1.2954545454545454,44,0.6244832574560948,35,5,4,0,0
thatcher_55_inv,1.236842105263158,3.0789473684210527,38,1.109328363597789,2,11,12,8,5,1.8421052631578947,38,1.0888505718724844,18,14,2,2,2
thatcher_55_str,2.1363636363636367,3.25,44,1.1894421916481386,3,9,15,8,9,1.1136363636363635,44,0.38233190548319823,40,3,1,0,0
thatcher_56_inv,1.0526315789473686,3.8421052631578947,38,1.2675362714518206,4,2,4,14,14,2.789473684210526,38,1.280581585325941,7,10,10,6,5
thatcher_56_str,3.4772727272727275,4.590909090909091,44,0.7482762560524694,0,1,4,7,32,1.1136363636363635,44,0.31736909190383955,39,5,0,0,0
thatcher_57_inv,0.6578947368421053,3.526315789473684,38,1.2510383498952329,4,3,10,11,10,2.8684210526315788,38,1.2176563475009765,6,9,11,8,4
thatcher_57_str,2.795454545454546,4.2272727272727275,44,1.0414944761263272,0,5,5,9,25,1.4318181818181819,44,0.6535819929340184,29,11,4,0,0
thatcher_58_inv,0.5263157894736841,3.763157894736842,38,1.086622253792767,2,3,7,16,10,3.236842105263158,38,1.0113620447671385,2,6,15,11,4
thatcher_58_str,2.863636363636364,4.568181818181818,44,0.9389967390960726,1,2,2,5,34,1.7045454545454546,44,0.8140679403896507,21,17,4,2,0
thatcher_59_inv,1.5,3.6052631578947367,38,1.225592739178423,5,0,9,15,9,2.1052631578947367,38,1.0205641805087011,12,15,7,3,1
thatcher_59_str,3.2727272727272725,4.454545454545454,44,0.7820295697311479,1,0,2,16,25,1.1818181818181819,44,0.48956043701222757,38,4,2,0,0
thatcher_60_inv,0.9736842105263156,3.6842105263157894,38,1.397465057615974,5,4,3,12,14,2.710526315789474,38,1.2754337701108036,7,12,9,5,5
thatcher_60_str,2.977272727272727,4.5227272727272725,44,0.7226415043447566,0,1,3,12,28,1.5454545454545454,44,0.8105706590966822,27,12,3,2,0
thatcher_61_inv,1.210526315789474,3.3947368421052633,38,1.1130676832924526,2,7,9,14,6,2.1842105263157894,38,1.0725096774902543,12,14,5,7,0
thatcher_61_str,2.840909090909092,4.136363636363637,44,1.0133407640730887,1,3,5,15,20,1.2954545454545454,44,0.5036027228672804,32,11,1,0,0
thatcher_62_inv,1.6578947368421053,4.0,38,1.1920791213585393,3,2,3,14,16,2.3421052631578947,38,1.198163414508654,13,8,9,7,1
thatcher_62_str,3.2272727272727275,4.295454545454546,44,0.9903981167954967,1,3,2,14,24,1.0681818181818181,44,0.25205764787294127,41,3,0,0,0
thatcher_63_inv,1.6315789473684208,4.026315789473684,38,1.1118226407514529,3,0,5,15,15,2.3947368421052633,38,1.1593889879952992,12,7,12,6,1
thatcher_63_str,3.6136363636363633,4.7727272727272725,44,0.4701854742176637,0,0,1,8,35,1.1590909090909092,44,0.4740148548775957,39,3,2,0,0
thatcher_64_inv,0.736842105263158,3.6052631578947367,38,1.2468797621560141,4,3,7,14,10,2.8684210526315788,38,1.1509961962436337,5,9,14,6,4
thatcher_64_str,2.9318181818181825,4.295454545454546,44,0.918980300870715,0,3,5,12,24,1.3636363636363635,44,0.6772574738977881,32,9,2,1,0
thatcher_65_inv,0.763157894736842,3.8684210526315788,38,1.0044912991574906,1,2,10,13,12,3.1052631578947367,38,1.0205641805087011,3,6,16,10,3
thatcher_65_str,2.9545454545454546,4.5,44,0.7833494518006403,0,1,5,9,29,1.5454545454545454,44,0.752406607147584,26,13,4,1,0
thatcher_66_inv,0.8157894736842106,3.763157894736842,38,1.179522885842893,3,2,8,13,12,2.9473684210526314,38,1.0499967022768422,4,8,14,10,2
thatcher_66_str,2.227272727272727,3.8863636363636362,44,1.2287449082648427,3,3,9,10,19,1.6590909090909092,44,0.8775788443776282,25,11,6,2,0
thatcher_67_inv,1.1052631578947367,3.789473684210526,38,1.1275939624015028,3,1,8,15,11,2.6842105263157894,38,1.3592812179099956,9,11,6,7,5
thatcher_67_str,3.704545454545455,4.7272727272727275,44,0.4937627496000098,0,0,1,10,33,1.0227272727272727,44,0.14903269373413638,43,1,0,0,0
thatcher_68_inv,1.4210526315789471,3.8157894736842106,38,1.1437533585316173,1,6,5,13,13,2.3947368421052633,38,1.225592739178423,11,11,9,4,3
thatcher_68_str,3.363636363636364,4.409090909090909,44,0.8067381522408568,0,2,3,14,25,1.0454545454545454,44,0.20829889522526543,42,2,0,0,0
thatcher_69_inv,1.6578947368421053,3.473684210526316,38,1.1638602309208412,2,6,11,10,9,1.8157894736842106,38,0.9694073924417825,19,9,9,0,1
thatcher_69_str,3.181818181818182,4.2272727272727275,44,0.9968960090664232,1,3,3,15,22,1.0454545454545454,44,0.20829889522526548,42,2,0,0,0
thatcher_70_inv,2.272727272727273,4.068181818181818,44,1.2135171885647722,3,2,7,9,23,1.7954545454545454,44,1.0782887422069507,26,5,10,2,1
thatcher_70_str,3.09375,4.1875,32,1.0734727523323542,0,4,4,6,18,1.09375,32,0.38400642898264087,30,1,1,0,0
thatcher_71_inv,1.8636363636363635,3.8863636363636362,44,1.1719430076685216,2,5,6,14,17,2.022727272727273,44,1.117802966123449,19,11,10,2,2
thatcher_71_str,2.9375,4.1875,32,0.982264602843857,1,1,4,11,15,1.25,32,0.5,25,6,1,0,0
thatcher_72_inv,0.6590909090909092,2.909090909090909,44,1.3283308360184052,9,8,11,10,6,2.25,44,1.3672301129722757,17,13,6,2,6
thatcher_72_str,2.625,4.125,32,0.739509972887452,0,1,4,17,10,1.5,32,0.7071067811865476,19,11,1,1,0
thatcher_73_inv,1.75,3.772727272727273,44,1.3628785773240866,5,4,5,12,18,2.022727272727273,44,1.196370198931987,19,14,5,3,3
thatcher_73_str,3.21875,4.375,32,0.81967981553775,0,2,1,12,17,1.15625,32,0.4408354993645589,28,3,1,0,0
thatcher_74_inv,0.5000000000000004,4.136363636363637,44,1.139994200362223,2,3,5,11,23,3.6363636363636362,44,1.3158286205572844,4,6,7,12,15
thatcher_74_str,1.1875,4.125,32,0.960143218483576,0,3,4,11,14,2.9375,32,1.248436522214886,4,10,6,8,4
thatcher_75_inv,1.9545454545454544,4.068181818181818,44,1.2684587511250751,3,4,4,9,24,2.1136363636363638,44,1.1523870303715653,17,13,8,4,2
thatcher_75_str,3.125,4.3125,32,0.9164298936634487,1,0,4,10,17,1.1875,32,0.3903123748998999,26,6,0,0,0
thatcher_76_inv,1.136363636363637,3.5681818181818183,44,1.1754636855441591,3,6,8,17,10,2.4318181818181817,44,1.1754636855441591,10,16,11,3,4
thatcher_76_str,2.21875,3.6875,32,1.1575161985907585,1,6,4,12,9,1.46875,32,0.7493486755176124,21,8,2,1,0
thatcher_77_inv,1.136363636363637,3.8181818181818183,44,1.21117387222493,3,5,4,17,15,2.6818181818181817,44,1.3445635870680945,12,9,8,11,4
thatcher_77_str,2.625,4.1875,32,1.0135796712641785,0,4,2,10,16,1.5625,32,0.7043392293490403,18,10,4,0,0
thatcher_78_inv,0.4090909090909087,3.977272727272727,44,1.1772200760427154,3,2,7,13,19,3.5681818181818183,44,1.3882252776432231,4,8,8,7,17
thatcher_78_str,1.71875,4.5,32,0.82915619758885,0,2,1,8,21,2.78125,32,1.2179484543690673,6,8,7,9,2
thatcher_79_inv,1.1590909090909092,3.3181818181818183,44,1.3445635870680945,5,8,11,8,12,2.159090909090909,44,1.0212109972118624,13,17,9,4,1
thatcher_79_str,2.71875,4.09375,32,0.7228145941387736,0,1,4,18,9,1.375,32,0.739509972887452,24,5,2,1,0
thatcher_80_inv,1.9318181818181817,3.75,44,1.1306675421666135,2,4,11,13,14,1.8181818181818181,44,1.192261549873091,25,10,4,2,3
thatcher_80_str,2.90625,4.0,32,1.1989578808281798,3,0,5,10,14,1.09375,32,0.38400642898264087,30,1,1,0,0
thatcher_81_inv,1.295454545454546,3.522727272727273,44,1.2337790498309058,3,7,10,12,12,2.227272727272727,44,1.165091419816027,14,15,9,3,3
thatcher_81_str,2.84375,4.0625,32,1.0288798520721456,1,3,1,15,12,1.21875,32,0.4831132760543846,26,5,1,0,0
thatcher_82_inv,1.1590909090909092,3.522727272727273,44,1.3397529684717724,5,6,7,13,13,2.3636363636363638,44,1.244823994329923,15,10,9,8,2
thatcher_82_str,2.84375,4.0,32,1.0897247358851685,1,2,7,8,14,1.15625,32,0.4408354993645589,28,3,1,0,0
thatcher_83_inv,2.295454545454545,4.0227272727272725,44,1.1772200760427154,2,4,6,11,21,1.7272727272727273,44,1.094690416253845,26,10,4,2,2
thatcher_83_str,3.40625,4.4375,32,0.8267972847076845,1,0,1,12,18,1.03125,32,0.17399263633843817,31,1,0,0,0
thatcher_84_inv,1.3636363636363638,3.7045454545454546,44,1.3242415574506559,3,8,5,11,17,2.340909090909091,44,1.2236900569065274,14,12,10,5,3
thatcher_84_str,3.15625,4.34375,32,0.8143008887997114,0,1,4,10,17,1.1875,32,0.46351240544347894,27,4,1,0,0
thatcher_85_inv,0.3409090909090908,3.477272727272727,44,1.2520644109853927,5,4,10,15,10,3.1363636363636362,44,1.3414867784885187,8,5,12,11,8
thatcher_85_str,0.90625,4.15625,32,1.0638777831593251,1,2,4,9,16,3.25,32,1.0606601717798212,1,9,6,13,3
thatcher_86_inv,1.1590909090909092,3.2045454545454546,44,1.2894598138640259,7,4,14,11,8,2.0454545454545454,44,1.2423318517014954,19,14,5,2,4
thatcher_86_str,2.1875,3.40625,32,1.221151480161245,2,7,6,10,7,1.21875,32,0.41339864235384227,25,7,0,0,0
thatcher_87_inv,0.6136363636363638,4.136363636363637,44,1.139994200362223,2,3,5,11,23,3.522727272727273,44,1.2337790498309058,3,7,10,12,12
thatcher_87_str,1.65625,4.46875,32,0.9677414104501264,1,1,2,6,22,2.8125,32,1.0439558180306292,5,5,14,7,1
thatcher_88_inv,1.2954545454545454,3.8636363636363638,44,1.2539194749212474,3,4,8,10,19,2.5681818181818183,44,1.3717561284838709,13,11,7,8,5
thatcher_88_str,3.1875,4.34375,32,1.0490881457246575,1,2,2,7,20,1.15625,32,0.3630921887069453,27,5,0,0,0
thatcher_89_inv,1.9318181818181817,3.5454545454545454,44,1.304790917673393,4,7,7,13,13,1.6136363636363635,44,0.8846136570922076,26,12,3,3,0
thatcher_89_str,2.3125,3.3125,32,1.1301963325015703,2,7,6,13,4,1.0,32,0.0,32,0,0,0,0
thatcher_90_inv,1.4090909090909087,3.727272727272727,44,1.2314742894676425,2,7,8,11,16,2.3181818181818183,44,1.1633167174608843,13,14,9,6,2
thatcher_90_str,2.15625,3.71875,32,1.0675431782836702,2,2,6,15,7,1.5625,32,0.6091746465505602,16,14,2,0,0
thatcher_91_inv,0.2045454545454545,3.6363636363636362,44,1.2808184366913975,4,4,11,10,15,3.4318181818181817,44,1.303800864478497,4,8,9,11,12
thatcher_91_str,1.5,4.25,32,0.7905694150420949,0,0,7,10,15,2.75,32,1.0307764064044151,4,10,8,10,0
thatcher_92_inv,1.2272727272727275,3.772727272727273,44,1.276779264108013,3,7,3,15,16,2.5454545454545454,44,1.4214996155556263,15,8,9,6,6
thatcher_92_str,2.4375,3.96875,32,1.07483647011999,1,3,4,12,12,1.53125,32,0.6115745559619039,17,13,2,0,0
thatcher_93_inv,1.4772727272727273,3.1136363636363638,44,1.4176791067046086,8,9,6,12,9,1.6363636363636365,44,0.9315409787235999,27,8,8,0,1
thatcher_93_str,2.4375,3.65625,32,1.2896068926227093,2,5,7,6,12,1.21875,32,0.5439654745477879,27,3,2,0,0
thatcher_94_inv,2.2727272727272725,3.6818181818181817,44,1.2390011973126374,3,5,10,11,15,1.4090909090909092,44,0.8872373316337788,35,2,6,0,1
thatcher_94_str,3.5625,4.5625,32,0.6584783595532961,0,0,3,8,21,1.0,32,0.0,32,0,0,0,0
thatcher_95_inv,0.1818181818181816,3.3863636363636362,44,1.3179858788543617,5,7,9,12,11,3.2045454545454546,44,1.1980959411906547,5,7,12,14,6
thatcher_95_str,1.1875,4.0625,32,0.9662265521087692,1,1,5,13,12,2.875,32,1.1110243021644486,3,10,10,6,3
thatcher_96_inv,0.6363636363636362,3.909090909090909,44,1.3111095547141782,4,4,4,12,20,3.272727272727273,44,1.4672738537789975,8,7,6,11,12
thatcher_96_str,2.0625,3.5,32,1.0606601717798212,2,4,6,16,4,1.4375,32,0.7043392293490403,21,9,1,1,0
thatcher_97_inv,1.2727272727272725,3.340909090909091,44,1.4607467240201286,5,12,5,7,15,2.0681818181818183,44,1.155967270548138,18,13,7,4,2
thatcher_97_str,2.59375,3.875,32,1.2183492931011204,2,3,5,9,13,1.28125,32,0.5144399260360728,24,7,1,0,0
thatcher_98_inv,1.0909090909090908,4.090909090909091,44,1.083306844346635,2,3,3,17,19,3.0,44,1.4770978917519928,10,8,8,8,10
thatcher_98_str,2.65625,4.4375,32,0.8267972847076845,0,2,1,10,19,1.78125,32,0.856386850377795,15,10,6,1,0
thatcher_99_inv,0.3181818181818183,3.772727272727273,44,1.1844376564359438,2,5,10,11,16,3.4545454545454546,44,1.4214996155556263,5,9,6,9,15
thatcher_99_str,2.84375,4.4375,32,0.8637671850678283,0,2,2,8,20,1.59375,32,0.7849910429425294,18,10,3,1,0
thatcher_100_inv,1.4090909090909092,3.522727272727273,44,1.4220445646327868,6,6,6,11,15,2.1136363636363638,44,1.0916190871384388,16,14,8,5,1
thatcher_100_str,3.0625,4.21875,32,0.8921314014762624,1,1,1,16,13,1.15625,32,0.3630921887069453,27,5,0,0,0
thatcher_101_inv,1.1136363636363638,3.840909090909091,44,1.3971266263003346,6,3,2,14,19,2.727272727272727,44,1.2314742894676425,9,11,10,11,3
thatcher_101_str,3.03125,4.46875,32,0.8654614015078893,0,2,2,7,21,1.4375,32,0.5555121510822243,19,12,1,0,0
thatcher_102_inv,1.068181818181818,3.090909090909091,44,1.275969895238018,7,7,11,13,6,2.022727272727273,44,1.0550449444031964,16,17,7,2,2
thatcher_102_str,2.75,3.90625,32,0.9473441494515074,0,3,7,12,10,1.15625,32,0.4408354993645589,28,3,1,0,0
thatcher_103_inv,1.9090909090909087,3.772727272727273,44,1.3118972445147103,4,4,8,10,18,1.8636363636363635,44,1.057245759055728,21,13,7,1,2
thatcher_103_str,3.28125,4.40625,32,0.7441175562369161,0,1,2,12,17,1.125,32,0.414578098794425,29,2,1,0,0
thatcher_104_inv,0.4318181818181816,3.6363636363636362,44,1.3158286205572844,4,6,7,12,15,3.2045454545454546,44,1.3242415574506559,6,8,10,11,9
thatcher_104_str,1.78125,4.28125,32,0.9432117670491607,0,3,2,10,17,2.5,32,1.0,6,10,10,6,0
thatcher_105_inv,1.8125,3.28125,32,1.3046641090717563,4,5,8,8,7,1.46875,32,0.7064159097160821,20,10,1,1,0
thatcher_105_str,2.344827586206897,3.5172413793103448,29,0.814552538690877,0,4,8,15,2,1.1724137931034482,29,0.377739694831149,24,5,0,0,0
thatcher_106_inv,0.25,3.34375,32,1.2401959270615268,3,5,9,8,7,3.09375,32,1.2589523174052304,5,4,11,7,5
thatcher_106_str,2.6896551724137936,4.551724137931035,29,0.5623967734586237,0,0,1,11,17,1.8620689655172413,29,0.936763979807319,13,9,5,2,0
thatcher_107_inv,1.53125,3.46875,32,1.2743717815064801,4,3,6,12,7,1.9375,32,1.0288798520721456,13,12,4,2,1
thatcher_107_str,3.3103448275862064,4.482758620689655,29,0.7249584841940909,0,1,1,10,17,1.1724137931034482,29,0.377739694831149,24,5,0,0,0
thatcher_108_inv,0.96875,3.78125,32,1.2433416415048602,3,2,5,11,11,2.8125,32,1.2103072956898178,6,7,8,9,2
thatcher_108_str,2.0,4.448275862068965,29,0.6206896551724138,0,0,2,12,15,2.4482758620689653,29,1.1321693213366901,7,10,4,8,0
thatcher_109_inv,1.46875,3.1875,32,1.2358574958303243,4,5,9,9,5,1.71875,32,0.7997802432543579,15,12,4,1,0
thatcher_109_str,2.5862068965517246,4.103448275862069,29,0.922695735190321,0,2,5,10,12,1.5172413793103448,29,0.7710579232757895,18,8,2,1,0
thatcher_110_inv,1.5,3.40625,32,1.1688502630790651,3,3,10,10,6,1.90625,32,0.8425917976695477,11,15,4,2,0
thatcher_110_str,2.4482758620689657,3.6551724137931036,29,0.9568577190008005,0,4,8,11,6,1.206896551724138,29,0.48275862068965514,24,4,1,0,0
thatcher_111_inv,1.0625,2.96875,32,1.380316426584861,8,3,7,10,4,1.90625,32,0.8425917976695477,12,12,7,1,0
thatcher_111_str,2.9655172413793105,4.137931034482759,29,0.6809799192459138,0,0,5,15,9,1.1724137931034482,29,0.377739694831149,24,5,0,0,0
thatcher_112_inv,0.5,3.09375,32,1.1554050967085094,2,9,10,6,5,2.59375,32,1.1418016191528193,5,13,6,6,2
thatcher_112_str,2.413793103448276,3.793103448275862,29,0.9605785018747669,1,2,5,15,6,1.3793103448275863,29,0.6650793628271005,21,5,3,0,0
thatcher_113_inv,1.15625,3.90625,32,1.0711960313126632,1,3,5,12,11,2.75,32,1.299038105676658,6,10,6,6,4
thatcher_113_str,3.206896551724138,4.620689655172414,29,0.6650793628271005,0,1,0,8,20,1.4137931034482758,29,0.7200211385455553,21,4,4,0,0
thatcher_114_inv,0.3125,3.875,32,1.0231690964840563,1,3,4,15,9,3.5625,32,1.0879309490955758,2,4,5,16,5
thatcher_114_str,2.689655172413793,4.586206896551724,29,0.5581522088358155,0,0,1,10,18,1.896551724137931,29,0.9226957351903209,11,13,2,3,0
thatcher_115_inv,0.8125,3.78125,32,1.082080605823799,1,4,5,13,9,2.96875,32,1.2865743031399313,5,8,6,9,4
thatcher_115_str,2.793103448275862,4.586206896551724,29,0.5581522088358155,0,0,1,10,18,1.793103448275862,29,0.7601864718982277,11,14,3,1,0
thatcher_116_inv,0.625,3.71875,32,1.1245658884654113,2,3,5,14,8,3.09375,32,1.2082884330738253,3,8,9,7,5
thatcher_116_str,2.6206896551724137,4.275862068965517,29,0.8261481759110993,0,1,4,10,14,1.6551724137931034,29,0.7083668477301426,14,11,4,0,0
thatcher_117_inv,1.625,3.53125,32,1.3459284667098768,4,4,4,11,9,1.90625,32,0.878897569401577,13,10,8,1,0
thatcher_117_str,3.1724137931034484,4.344827586206897,29,0.6578891044254798,0,0,3,13,13,1.1724137931034482,29,0.377739694831149,24,5,0,0,0
thatcher_118_inv,0.65625,3.875,32,1.1388041973930374,2,2,5,12,11,3.21875,32,1.340111352649473,5,5,6,10,6
thatcher_118_str,2.862068965517241,4.379310344827586,29,0.6650793628271005,0,0,3,12,14,1.5172413793103448,29,0.6757213083539801,17,9,3,0,0
thatcher_119_inv,1.03125,3.875,32,1.2930100540985752,3,2,5,8,14,2.84375,32,1.2018052826893382,6,6,9,9,2
thatcher_119_str,2.7931034482758617,4.482758620689655,29,0.7249584841940909,0,0,4,7,18,1.6896551724137931,29,0.747568392713062,14,10,5,0,0
thatcher_120_inv,1.125,3.78125,32,1.1383753500054365,2,2,7,11,10,2.65625,32,1.1349387373334299,6,8,11,5,2
thatcher_120_str,3.068965517241379,4.482758620689655,29,0.5645070877153412,0,0,1,13,15,1.4137931034482758,29,0.6168463386206317,19,8,2,0,0
thatcher_121_inv,1.09375,3.03125,32,1.237042213305593,5,6,7,11,3,1.9375,32,0.8267972847076845,11,13,7,1,0
thatcher_121_str,2.4827586206896552,3.7586206896551726,29,0.9342218747685563,1,2,5,16,5,1.2758620689655173,29,0.5183895302887209,22,6,1,0,0
thatcher_122_inv,1.0,3.21875,32,1.5152222403000821,6,7,2,8,9,2.21875,32,1.0226917607470982,10,9,9,4,0
thatcher_122_str,2.96551724137931,4.275862068965517,29,0.6896551724137929,0,0,4,13,12,1.3103448275862069,29,0.5932638115201812,22,5,2,0,0
thatcher_123_inv,1.5,2.9375,32,1.248436522214886,6,5,9,9,3,1.4375,32,0.7043392293490403,21,9,1,1,0
thatcher_123_str,3.0,4.0344827586206895,29,0.850264000409514,0,2,4,14,9,1.0344827586206897,29,0.18246560765962697,28,1,0,0,0
thatcher_124_inv,0.96875,3.09375,32,1.2589523174052304,3,9,8,6,6,2.125,32,1.243734296383275,14,7,6,3,2
thatcher_124_str,2.6896551724137927,4.241379310344827,29,0.8572277858383485,0,2,2,12,13,1.5517241379310345,29,0.7233164470138976,17,8,4,0,0
thatcher_125_inv,0.9375,3.5625,32,1.2231491119238078,2,6,4,12,8,2.625,32,1.243734296383275,9,5,8,9,1
thatcher_125_str,2.586206896551724,4.413793103448276,29,0.6704214515594339,0,0,3,11,15,1.8275862068965518,29,0.7459761259580667,11,12,6,0,0
thatcher_126_inv,0.625,4.03125,32,1.045358042729858,1,2,5,11,13,3.40625,32,1.0565088440235604,1,5,12,8,6
thatcher_126_str,2.344827586206897,4.310344827586207,29,0.7475683927130621,0,1,2,13,13,1.9655172413793103,29,0.8898957172802716,11,9,8,1,0
thatcher_127_inv,0.125,4.09375,32,0.9137619698258403,1,1,3,16,11,3.96875,32,1.045358042729858,1,2,6,11,12
thatcher_127_str,1.5172413793103448,4.620689655172414,29,0.5517241379310347,0,0,1,9,19,3.103448275862069,29,1.028719578632848,2,6,10,9,2
thatcher_128_inv,0.6875,3.53125,32,1.2243461265099833,3,3,8,10,8,2.84375,32,1.325456878778031,5,11,5,6,5
thatcher_128_str,2.931034482758621,4.551724137931035,29,0.6739593201962779,0,0,3,7,19,1.6206896551724137,29,0.6650793628271005,14,12,3,0,0
thatcher_129_inv,1.375,3.65625,32,1.107061848994897,2,3,6,14,7,2.28125,32,1.0964252995530521,9,12,4,7,0
thatcher_129_str,3.137931034482759,4.551724137931035,29,0.49731741730537793,0,0,0,13,16,1.4137931034482758,29,0.5581522088358155,18,10,1,0,0
thatcher_130_inv,0.0625,4.0625,32,1.1162856937182344,2,1,4,11,14,4.0,32,1.0307764064044151,1,2,5,12,12
thatcher_130_str,2.034482758620689,4.620689655172414,29,0.5517241379310346,0,0,1,9,19,2.586206896551724,29,1.0344827586206895,6,6,11,6,0
thatcher_131_inv,0.8125,3.6875,32,1.2103072956898178,2,4,6,10,10,2.875,32,1.2686114456365274,4,11,7,5,5
thatcher_131_str,2.4482758620689653,4.206896551724138,29,0.8858781088734572,0,2,3,11,13,1.7586206896551724,29,0.8965517241379309,14,10,3,2,0
thatcher_132_inv,1.25,3.71875,32,1.1520192869479227,1,5,6,10,10,2.46875,32,1.117597171390479,8,8,10,5,1
thatcher_132_str,2.413793103448276,3.9655172413793105,29,0.8502640004095141,0,2,5,14,8,1.5517241379310345,29,0.5623967734586237,14,14,1,0,0
thatcher_133_inv,1.0,3.84375,32,1.0638777831593251,1,2,9,9,11,2.84375,32,0.9717694878416383,2,12,7,11,0
thatcher_133_str,1.793103448275862,4.551724137931035,29,0.6739593201962779,0,0,3,7,19,2.7586206896551726,29,1.222072079080645,6,6,8,7,2
thatcher_134_inv,1.75,3.9375,32,1.0288798520721456,1,2,6,12,11,2.1875,32,1.1021995055342748,11,9,8,3,1
thatcher_134_str,2.896551724137931,4.379310344827586,29,0.6110360395403226,0,0,2,14,13,1.4827586206896552,29,0.6757213083539803,18,8,3,0,0
thatcher_135_inv,0.375,3.53125,32,1.2243461265099833,2,6,5,11,8,3.15625,32,1.2018052826893382,3,7,9,8,5
thatcher_135_str,1.9310344827586208,4.206896551724138,29,0.8858781088734572,0,2,3,11,13,2.2758620689655173,29,1.0794810925861054,10,5,10,4,0
thatcher_136_inv,1.65625,3.46875,32,1.249609313945763,3,5,5,12,7,1.8125,32,1.0135796712641785,18,4,8,2,0
thatcher_136_str,3.0,4.172413793103448,29,0.8333135154203152,0,1,5,11,12,1.1724137931034482,29,0.377739694831149,24,5,0,0,0
thatcher_137_inv,0.53125,3.78125,32,1.1383753500054365,1,4,7,9,11,3.25,32,1.4142135623730951,6,4,5,10,7
thatcher_137_str,1.7241379310344822,4.689655172413793,29,0.4626347539654737,0,0,0,9,20,2.9655172413793105,29,1.0980471260752178,2,9,9,6,3
thatcher_138_inv,0.28125,3.5,32,1.1989578808281798,2,6,5,12,7,3.21875,32,1.0528050329951886,3,4,10,13,2
thatcher_138_str,2.241379310344828,4.137931034482759,29,0.9367639798073188,0,2,5,9,13,1.896551724137931,29,0.9226957351903209,11,13,2,3,0
thatcher_139_inv,0.40625,3.4375,32,1.1439378261076953,2,5,8,11,6,3.03125,32,1.211516998436258,3,10,6,9,4
thatcher_139_str,1.0,3.8620689655172415,29,0.8189201439336495,0,1,9,12,7,2.8620689655172415,29,1.1056013477159585,4,7,8,9,1
swap_0_lightdir_swap,0.0,2.9285714285714284,14,1.279748061940637,3,2,3,5,1,2.9285714285714284,14,1.279748061940637,2,4,3,3,2
swap_0_reflection_swap,0.0909090909090908,2.5454545454545454,22,1.1570838237598051,5,6,6,4,1,2.4545454545454546,22,1.0756508696544755,5,7,5,5,0
swap_0_shadow_swap,0.5853658536585367,3.8536585365853657,41,0.8427879289351705,1,2,6,25,7,3.268292682926829,41,1.0365136273597941,2,8,12,15,4
swap_1_lightdir_swap,0.4285714285714288,3.357142857142857,14,1.1088696211614302,1,3,1,8,1,2.9285714285714284,14,0.8835226340609272,1,3,6,4,0
swap_1_reflection_swap,0.2222222222222223,3.3333333333333335,27,0.9813067629253163,2,2,10,11,2,3.111111111111111,27,0.9938079899999066,2,6,6,13,0
swap_1_shadow_swap,0.3157894736842106,3.736842105263158,38,1.017846295042827,1,4,8,16,9,3.4210526315789473,38,1.0164846271488404,1,6,13,12,6
swap_2_lightdir_swap,0.4545454545454543,2.1818181818181817,11,0.8331955809010617,2,6,2,1,0,1.7272727272727273,11,0.7496555682941201,5,4,2,0,0
swap_2_reflection_swap,-0.1363636363636362,2.4545454545454546,22,0.9875254992000196,5,5,9,3,0,2.590909090909091,22,0.9370694603676502,3,7,8,4,0
swap_2_shadow_swap,-0.3488372093023253,3.0930232558139537,43,0.9599891832814089,1,13,12,15,2,3.441860465116279,43,0.9475138970913193,1,7,11,20,4
swap_3_lightdir_swap,-0.0714285714285711,2.357142857142857,14,0.8949974347244049,3,4,6,1,0,2.4285714285714284,14,1.1157499537009508,3,6,1,4,0
swap_3_reflection_swap,0.0,2.5555555555555554,27,1.0999438818457405,5,10,4,8,0,2.5555555555555554,27,1.133115447465063,6,8,5,8,0
swap_3_shadow_swap,-0.2790697674418605,3.0697674418604652,43,1.1080120232159625,4,10,11,15,3,3.3488372093023258,43,0.9371833339353435,2,6,12,21,2
swap_4_lightdir_swap,-0.1428571428571428,2.857142857142857,14,1.3014905113063284,3,3,2,5,1,3.0,14,1.1338934190276817,1,4,5,2,2
swap_4_reflection_swap,0.0,2.8620689655172415,29,1.073959413958444,4,7,7,11,0,2.8620689655172415,29,1.1363625553989023,5,6,6,12,0
swap_4_shadow_swap,0.0930232558139532,3.4651162790697674,43,1.064191738478842,3,5,9,21,5,3.372093023255814,43,0.9650462288951828,2,6,12,20,3
swap_5_lightdir_swap,-0.714285714285714,2.7142857142857144,14,1.1605769149479943,2,5,3,3,1,3.4285714285714284,14,1.2371791482634837,1,3,2,5,3
swap_5_reflection_swap,-0.0740740740740739,3.1481481481481484,27,0.9700593224969477,3,2,10,12,0,3.2222222222222223,27,0.87488976377909,0,7,8,11,1
swap_5_shadow_swap,-0.2368421052631579,3.3157894736842106,38,1.1027540441977348,2,8,9,14,5,3.5526315789473686,38,0.9651116221522236,1,4,12,15,6
swap_6_lightdir_swap,-0.4545454545454546,2.0,11,0.8528028654224418,3,6,1,1,0,2.4545454545454546,11,1.1570838237598051,3,3,2,3,0
swap_6_reflection_swap,-0.2068965517241379,2.6206896551724137,29,1.0310287163949001,5,8,9,7,0,2.8275862068965516,29,1.1467785619528201,5,6,8,9,1
swap_6_shadow_swap,-0.1162790697674416,3.0930232558139537,43,1.052437999905559,4,8,13,16,2,3.2093023255813953,43,0.953771937414413,1,11,11,18,2
swap_7_lightdir_swap,0.0,2.357142857142857,14,0.9715336077668172,3,5,4,2,0,2.357142857142857,14,0.8949974347244049,3,4,6,1,0
swap_7_reflection_swap,-0.1818181818181821,2.590909090909091,22,1.072765792836904,4,7,5,6,0,2.772727272727273,22,1.1254016730127225,4,5,5,8,0
swap_7_shadow_swap,0.1052631578947367,3.263157894736842,38,0.9647527778854399,1,8,12,14,3,3.1578947368421053,38,1.0137558044346433,2,9,10,15,2
swap_8_lightdir_swap,0.6666666666666665,3.5555555555555554,9,0.6849348892187751,0,1,2,6,0,2.888888888888889,9,0.9938079899999066,1,2,3,3,0
swap_8_reflection_swap,-0.0909090909090908,3.0,22,1.1281521496355325,3,4,6,8,1,3.090909090909091,22,1.2759698952380183,4,2,7,6,3
swap_8_shadow_swap,-0.0500000000000002,3.55,40,1.0712142642814275,2,6,6,20,6,3.6,40,0.8,1,2,12,22,3
swap_9_lightdir_swap,0.0714285714285716,3.357142857142857,14,1.10886962116143,0,3,7,0,4,3.2857142857142856,14,1.0301575072754254,1,2,4,6,1
swap_9_reflection_swap,0.6818181818181817,3.1818181818181817,22,1.2662171161076472,4,2,4,10,2,2.5,22,1.07661084384791,4,9,3,6,0
swap_9_shadow_swap,0.0,3.8292682926829267,41,0.79333931547759,1,1,8,25,6,3.8292682926829267,41,1.0336400048983947,2,4,2,24,9
swap_10_lightdir_swap,1.0,4.090909090909091,11,0.899954085146515,0,0,4,2,5,3.090909090909091,11,1.1642044068059725,1,2,5,1,2
swap_10_reflection_swap,0.1034482758620689,2.896551724137931,29,1.2132835921213228,5,6,7,9,2,2.793103448275862,29,1.1560727320165662,6,5,7,11,0
swap_10_shadow_swap,-0.125,2.875,40,1.0046765648705058,3,13,11,12,1,3.0,40,1.0,2,13,9,15,1
swap_11_lightdir_swap,0.8888888888888888,3.5555555555555554,9,0.9558139185602919,0,2,1,5,1,2.6666666666666665,9,1.247219128924647,3,0,3,3,0
swap_11_reflection_swap,0.3333333333333335,3.3333333333333335,27,0.9428090415820634,1,4,9,11,2,3.0,27,1.0540925533894598,2,7,9,7,2
swap_11_shadow_swap,-0.1,3.125,40,0.9270248108869579,2,8,14,15,1,3.225,40,0.8799857953399021,0,10,13,15,2
swap_12_lightdir_swap,1.0,4.0,14,1.0690449676496976,0,2,2,4,6,3.0,14,1.3093073414159542,3,1,5,3,2
swap_12_reflection_swap,0.909090909090909,2.6363636363636362,22,1.1887906209656383,5,5,6,5,1,1.7272727272727273,22,0.8624393618641034,11,7,3,1,0
swap_12_shadow_swap,0.0499999999999998,3.525,40,1.0243900624273938,2,5,8,20,5,3.475,40,1.1399013115177998,3,5,9,16,7
swap_13_lightdir_swap,1.5714285714285712,4.357142857142857,14,0.717848258651492,0,0,2,5,7,2.7857142857142856,14,1.0126747770541304,2,3,5,4,0
swap_13_reflection_swap,1.206896551724138,3.0,29,1.174440439029407,5,3,10,9,2,1.793103448275862,29,0.8460582169920894,12,13,2,2,0
swap_13_shadow_swap,-0.3720930232558141,3.4651162790697674,43,1.0421096047631664,3,4,11,20,5,3.8372093023255816,43,0.8049334092965944,0,3,9,23,8
swap_14_lightdir_swap,1.0,3.8181818181818183,11,1.192261549873091,1,0,3,3,4,2.8181818181818183,11,1.3360853142453697,3,1,3,3,1
swap_14_reflection_swap,0.8620689655172415,3.0689655172413794,29,1.2575574157800324,5,5,4,13,2,2.206896551724138,29,0.923983517722363,6,14,7,1,1
swap_14_shadow_swap,-0.1578947368421053,3.1578947368421053,38,1.0393904030595527,2,9,11,13,3,3.3157894736842106,38,0.9206766149755738,1,6,14,14,3
swap_15_lightdir_swap,1.363636363636363,4.181818181818182,11,0.5749595745760689,0,0,1,7,3,2.8181818181818183,11,1.4024771473219555,3,1,4,1,2
swap_15_reflection_swap,0.4545454545454546,2.5454545454545454,22,0.9875254992000196,4,6,8,4,0,2.090909090909091,22,1.083306844346635,9,5,5,3,0
swap_15_shadow_swap,0.0500000000000002,3.075,40,1.126665433924375,4,9,10,14,3,3.025,40,0.9871043511199817,3,9,13,14,1
swap_16_lightdir_swap,1.0,3.4444444444444446,9,1.4229164972072998,1,2,1,2,3,2.4444444444444446,9,1.2570787221094177,2,4,1,1,1
swap_16_reflection_swap,0.4545454545454546,3.909090909090909,22,0.6680426571226848,0,0,6,12,4,3.4545454545454546,22,1.0325287901455042,1,3,6,9,3
swap_16_shadow_swap,0.1315789473684212,3.3947368421052633,38,1.1130676832924526,3,5,9,16,5,3.263157894736842,38,1.0683043752728651,1,11,7,15,4
swap_17_lightdir_swap,0.7777777777777781,3.4444444444444446,9,1.1653431646335017,1,1,1,5,1,2.6666666666666665,9,1.1547005383792515,2,2,2,3,0
swap_17_reflection_swap,0.2962962962962963,3.740740740740741,27,0.9266663706071707,0,4,4,14,5,3.4444444444444446,27,1.030402055055078,1,5,5,13,3
swap_17_shadow_swap,0.3170731707317071,3.3902439024390243,41,1.1868804937167257,3,8,7,16,7,3.073170731707317,41,1.217559412131579,6,6,13,11,5
swap_18_lightdir_swap,1.8571428571428568,3.857142857142857,14,1.1866605518454392,1,1,2,5,5,2.0,14,1.1952286093343936,6,5,1,1,1
swap_18_reflection_swap,-0.0689655172413794,3.103448275862069,29,1.3981472367388477,6,4,5,9,5,3.1724137931034484,29,1.1467785619528201,2,7,8,8,4
swap_18_shadow_swap,0.2749999999999999,3.25,40,0.9937303457175896,2,8,10,18,2,2.975,40,0.9871043511199816,3,11,10,16,0
swap_19_lightdir_swap,2.090909090909091,3.909090909090909,11,0.899954085146515,0,1,2,5,3,1.8181818181818181,11,0.7158188976374374,4,5,2,0,0
swap_19_reflection_swap,-0.0454545454545454,3.3181818181818183,22,1.1826919846597899,3,2,4,11,2,3.3636363636363638,22,1.0679400113155209,1,4,6,8,3
swap_19_shadow_swap,0.3947368421052628,3.526315789473684,38,0.850289180073869,0,6,9,20,3,3.1315789473684212,38,1.0802303027249365,2,11,8,14,3
swap_20_lightdir_swap,1.7857142857142856,3.857142857142857,14,1.3014905113063284,1,2,1,4,6,2.0714285714285716,14,0.9609731462195508,5,4,4,1,0
swap_20_reflection_swap,0.2272727272727275,4.045454545454546,22,1.1472208603749057,1,2,2,7,10,3.8181818181818183,22,1.2297953871335165,1,3,4,5,9
swap_20_shadow_swap,0.5348837209302326,3.488372093023256,43,1.1283264623914606,4,3,11,18,7,2.953488372093023,43,1.1402465741517454,7,7,11,17,1
swap_21_lightdir_swap,2.0,4.285714285714286,14,0.7953949089757174,0,0,3,4,7,2.2857142857142856,14,1.2777531299998799,4,6,2,0,2
swap_21_reflection_swap,0.2962962962962963,4.0,27,0.90267093384844,0,2,5,11,9,3.7037037037037037,27,1.2711853556837418,3,2,3,11,8
swap_21_shadow_swap,0.0789473684210526,3.4210526315789473,38,1.183918092547578,3,6,8,14,7,3.3421052631578947,38,1.1534003684637435,3,6,10,13,6
swap_22_lightdir_swap,1.7777777777777777,3.5555555555555554,9,1.0657403385139377,0,2,2,3,2,1.7777777777777777,9,0.7856742013183862,4,3,2,0,0
swap_22_reflection_swap,0.0370370370370372,3.7037037037037037,27,1.2115131284293428,2,4,1,13,7,3.6666666666666665,27,1.3333333333333335,3,3,3,9,9
swap_22_shadow_swap,-0.1463414634146338,3.1219512195121952,41,1.1727624663581764,3,12,8,13,5,3.268292682926829,41,1.1048538197957194,3,8,9,17,4
swap_23_lightdir_swap,1.5555555555555554,3.6666666666666665,9,0.816496580927726,0,1,2,5,1,2.111111111111111,9,0.9938079899999066,3,3,2,1,0
swap_23_reflection_swap,0.068965517241379,3.7241379310344827,29,1.1415824384308173,2,2,6,11,8,3.6551724137931036,29,1.3202889461432172,3,4,2,11,9
swap_23_shadow_swap,-0.024390243902439,3.1707317073170733,41,0.9602448626843672,1,11,11,16,2,3.1951219512195124,41,1.0410949253860022,3,7,13,15,3
swap_24_lightdir_swap,-0.3636363636363633,3.8181818181818183,11,1.192261549873091,0,3,0,4,4,4.181818181818182,11,0.7158188976374373,0,0,2,5,4
swap_24_reflection_swap,2.5172413793103443,4.448275862068965,29,0.7233164470138976,0,1,1,11,16,1.9310344827586208,29,1.311251954609072,16,6,3,1,3
swap_24_shadow_swap,2.046511627906977,3.7209302325581395,43,0.8442853423568069,1,2,11,23,6,1.6744186046511629,43,0.9577330363708837,25,11,3,4,0
swap_25_lightdir_swap,0.2142857142857144,4.0,14,0.7559289460184544,0,1,1,9,3,3.7857142857142856,14,0.8601138984851641,0,2,1,9,2
swap_25_reflection_swap,2.3181818181818183,4.409090909090909,22,0.7780564894828951,0,1,1,8,12,2.090909090909091,22,1.1642044068059725,8,9,1,3,1
swap_25_shadow_swap,2.2439024390243905,3.902439024390244,41,0.9828995941273114,1,4,4,21,11,1.6585365853658536,41,0.9527817065670543,24,11,2,4,0
swap_26_lightdir_swap,0.5,4.0,14,0.7559289460184544,0,1,1,9,3,3.5,14,0.823754471047914,1,0,4,9,0
swap_26_reflection_swap,2.2962962962962967,4.222222222222222,27,0.9558139185602919,0,3,1,10,13,1.9259259259259258,27,1.2149051456930908,13,9,1,2,2
swap_26_shadow_swap,0.5526315789473686,3.473684210526316,38,1.0696000754158725,2,6,7,18,5,2.9210526315789473,38,1.08534687512112,5,8,11,13,1
swap_27_lightdir_swap,0.2857142857142856,4.071428571428571,14,0.7985957062499249,0,1,1,8,4,3.7857142857142856,14,0.8601138984851641,0,2,1,9,2
swap_27_reflection_swap,2.3448275862068964,4.0344827586206895,29,1.245204833466744,2,2,4,6,15,1.6896551724137931,29,1.086070051587836,18,6,2,2,1
swap_27_shadow_swap,0.3414634146341462,3.268292682926829,41,1.0365136273597941,3,6,12,17,3,2.926829268292683,41,0.9471457482413462,4,8,16,13,0
swap_28_lightdir_swap,-0.1111111111111111,3.5555555555555554,9,0.6849348892187751,0,1,2,6,0,3.6666666666666665,9,0.6666666666666666,0,1,1,7,0
swap_28_reflection_swap,2.6818181818181817,4.318181818181818,22,0.9237455196773445,1,0,1,9,11,1.6363636363636365,22,0.77138921583987,12,6,4,0,0
swap_28_shadow_swap,1.837209302325581,3.488372093023256,43,0.9734162575095977,2,4,13,19,5,1.6511627906976745,43,1.0316778145497132,27,9,3,3,1
swap_29_lightdir_swap,-0.1428571428571428,3.857142857142857,14,0.6388765649999398,0,1,1,11,1,4.0,14,0.8451542547285166,0,1,2,7,4
swap_29_reflection_swap,2.863636363636364,4.2727272727272725,22,0.8624393618641034,0,1,3,7,11,1.4090909090909092,22,0.778056489482895,16,4,1,1,0
swap_29_shadow_swap,1.975,3.725,40,1.0951598056904754,1,6,7,15,11,1.75,40,1.1565033506220377,25,7,2,5,1
swap_30_lightdir_swap,0.4285714285714288,4.142857142857143,14,0.5150787536377128,0,0,1,10,3,3.7142857142857144,14,0.5890150893739516,0,1,2,11,0
swap_30_reflection_swap,2.3793103448275863,3.793103448275862,29,1.3488004976281343,3,3,3,8,12,1.4137931034482758,29,0.6704214515594339,20,6,3,0,0
swap_30_shadow_swap,-0.2439024390243904,3.0,41,1.0592219878345592,3,12,10,14,2,3.2439024390243905,41,1.0307583711763628,1,11,10,15,4
swap_31_lightdir_swap,-0.3571428571428576,3.7857142857142856,14,0.6738557951469003,0,1,2,10,1,4.142857142857143,14,0.6388765649999398,0,0,2,8,4
swap_31_reflection_swap,2.7777777777777777,4.222222222222222,27,0.9938079899999065,0,3,2,8,14,1.4444444444444444,27,0.628539361054709,17,8,2,0,0
swap_31_shadow_swap,0.1750000000000002,3.1,40,1.0440306508910548,2,12,8,16,2,2.925,40,1.0341058939973218,4,10,12,13,1
swap_32_lightdir_swap,0.7142857142857144,3.642857142857143,14,1.0424656799518874,1,1,2,8,2,2.9285714285714284,14,0.9609731462195507,0,6,4,3,1
swap_32_reflection_swap,1.7037037037037035,3.4814814814814814,27,1.1978490095404615,3,2,6,11,5,1.7777777777777777,27,0.7856742013183862,12,9,6,0,0
swap_32_shadow_swap,1.2790697674418603,4.093023255813954,43,0.8300729440732441,0,3,4,22,14,2.813953488372093,43,1.316369460286968,8,12,9,8,6
swap_33_lightdir_swap,0.2142857142857144,3.7142857142857144,14,1.0301575072754254,0,3,1,7,3,3.5,14,0.9819805060619657,0,3,3,6,2
swap_33_reflection_swap,1.2592592592592595,3.1481481481481484,27,1.26794390878694,3,7,4,9,4,1.8888888888888888,27,0.7856742013183863,9,13,4,1,0
swap_33_shadow_swap,1.25,3.875,40,0.899652710772329,1,2,7,21,9,2.625,40,1.2587195875174104,11,7,10,10,2
swap_34_lightdir_swap,1.1428571428571428,3.7857142857142856,14,1.0809104250301111,0,3,1,6,4,2.642857142857143,14,0.8949974347244049,1,6,4,3,0
swap_34_reflection_swap,0.5185185185185186,2.5925925925925926,27,1.2250248450771282,7,6,6,7,1,2.074074074074074,27,0.8996265038141571,8,11,6,2,0
swap_34_shadow_swap,0.2093023255813952,3.4651162790697674,43,0.8169380497790835,1,4,14,22,2,3.255813953488372,43,0.942362771597898,1,10,11,19,2
swap_35_lightdir_swap,0.785714285714286,3.7142857142857144,14,0.880630571852711,0,2,2,8,2,2.9285714285714284,14,1.222660197758835,2,3,5,2,2
swap_35_reflection_swap,0.7037037037037037,2.925925925925926,27,1.1840272120848725,4,6,7,8,2,2.2222222222222223,27,0.9162456945817024,7,9,9,2,0
swap_35_shadow_swap,0.3999999999999999,3.4,40,1.0677078252031311,2,8,6,20,4,3.0,40,1.02469507659596,3,11,10,15,1
swap_36_lightdir_swap,1.1111111111111112,3.888888888888889,9,0.7370277311900889,0,1,0,7,1,2.7777777777777777,9,1.1331154474650633,2,1,3,3,0
swap_36_reflection_swap,2.1481481481481484,3.4444444444444446,27,1.2272623352430287,3,3,5,11,5,1.2962962962962963,27,0.5972042776517444,21,4,2,0,0
swap_36_shadow_swap,1.1219512195121952,3.8780487804878048,41,0.8609445168157459,0,4,6,22,9,2.7560975609756095,41,1.2450974651805091,8,10,11,8,4
swap_37_lightdir_swap,0.5714285714285716,3.5714285714285716,14,0.9793792286287205,0,3,2,7,2,3.0,14,0.8451542547285166,0,5,4,5,0
swap_37_reflection_swap,2.045454545454546,3.272727272727273,22,1.2497933713515927,2,5,4,7,4,1.2272727272727273,22,0.4190702026042222,17,5,0,0,0
swap_37_shadow_swap,1.6052631578947365,4.078947368421052,38,0.9285409875988079,0,4,3,17,14,2.473684210526316,38,1.2510383498952329,11,9,10,5,3
swap_38_lightdir_swap,1.0,3.6666666666666665,9,0.6666666666666666,0,1,1,7,0,2.6666666666666665,9,0.9428090415820634,1,3,3,2,0
swap_38_reflection_swap,1.222222222222222,3.074074074074074,27,1.274418558080389,5,3,7,9,3,1.8518518518518519,27,0.8478165290562665,11,10,5,1,0
swap_38_shadow_swap,0.5348837209302326,3.3255813953488373,43,0.9078707579508435,1,7,15,17,3,2.7906976744186047,43,1.0467699939466883,3,17,12,8,3
swap_39_lightdir_swap,0.6428571428571428,3.4285714285714284,14,0.9035079029052513,0,3,3,7,1,2.7857142857142856,14,1.0126747770541304,1,5,5,2,1
swap_39_reflection_swap,1.3703703703703705,2.925925925925926,27,1.2149051456930908,4,7,5,9,2,1.5555555555555556,27,0.628539361054709,14,11,2,0,0
swap_39_shadow_swap,0.1499999999999999,2.9,40,1.1357816691600546,4,14,6,14,2,2.75,40,0.9420721840708386,4,12,14,10,0
swap_40_lightdir_swap,1.4545454545454546,3.8181818181818183,11,1.02851895445316,1,0,1,7,2,2.3636363636363638,11,0.642824346533225,1,5,5,0,0
swap_40_reflection_swap,2.2222222222222223,3.6666666666666665,27,0.9813067629253163,1,1,10,9,6,1.4444444444444444,27,0.5665577237325317,16,10,1,0,0
swap_40_shadow_swap,2.921052631578948,4.315789473684211,38,0.9206766149755738,1,1,3,13,20,1.394736842105263,38,0.8123867916017439,30,2,5,1,0
swap_41_lightdir_swap,1.1428571428571428,4.0,14,0.7559289460184544,0,1,1,9,3,2.857142857142857,14,1.124858267715973,1,6,2,4,1
swap_41_reflection_swap,1.896551724137931,3.206896551724138,29,1.3989974327655719,5,5,4,9,6,1.3103448275862069,29,0.5932638115201812,22,5,2,0,0
swap_41_shadow_swap,2.6511627906976747,3.9767441860465116,43,1.0227271361533035,2,2,5,20,14,1.3255813953488371,43,0.5591076874498283,31,10,2,0,0
swap_42_lightdir_swap,1.5714285714285712,3.9285714285714284,14,0.8835226340609272,0,1,3,6,4,2.357142857142857,14,1.2309777099724346,5,3,2,4,0
swap_42_reflection_swap,1.1379310344827585,3.0344827586206895,29,1.245204833466744,5,5,5,12,2,1.896551724137931,29,0.8446516354424753,11,11,6,1,0
swap_42_shadow_swap,1.2894736842105263,3.736842105263158,38,0.9647527778854398,2,2,6,22,6,2.4473684210526314,38,1.068628447591945,9,11,10,8,0
swap_43_lightdir_swap,1.2142857142857144,3.642857142857143,14,1.1715156762040517,1,2,1,7,3,2.4285714285714284,14,1.237179148263484,5,2,3,4,0
swap_43_reflection_swap,1.1363636363636365,2.909090909090909,22,1.239834699725987,4,5,3,9,1,1.7727272727272727,22,0.9011012546181366,10,9,1,2,0
swap_43_shadow_swap,0.9767441860465116,3.441860465116279,43,1.10605785586922,1,11,6,18,7,2.4651162790697674,43,1.1880967232041675,10,16,6,9,2
swap_44_lightdir_swap,0.8571428571428577,4.142857142857143,14,0.8329931278350429,0,1,1,7,5,3.2857142857142856,14,1.0973065354098013,1,2,5,4,2
swap_44_reflection_swap,2.034482758620689,3.3793103448275863,29,1.3238864703760322,5,2,4,13,5,1.3448275862068966,29,0.6032019201564105,21,6,2,0,0
swap_44_shadow_swap,2.6511627906976742,3.9302325581395348,43,1.043147046139805,2,2,7,18,14,1.2790697674418605,43,0.622283170244635,34,7,1,1,0
swap_45_lightdir_swap,0.4545454545454546,4.0,11,0.7385489458759964,0,0,3,5,3,3.5454545454545454,11,0.8907235428302467,0,2,2,6,1
swap_45_reflection_swap,2.037037037037037,3.4814814814814814,27,1.1343253948973002,3,1,7,12,4,1.4444444444444444,27,0.7370277311900888,18,7,1,1,0
swap_45_shadow_swap,2.317073170731708,4.024390243902439,41,0.8968183566268408,1,1,7,19,13,1.7073170731707317,41,1.1314549760725077,27,6,1,7,0
swap_46_lightdir_swap,2.090909090909091,4.090909090909091,11,0.7925270806437588,0,1,0,7,3,2.0,11,0.8528028654224418,3,6,1,1,0
swap_46_reflection_swap,1.074074074074074,2.8518518518518516,27,1.0785347984119287,4,6,7,10,0,1.7777777777777777,27,0.7856742013183862,11,12,3,1,0
swap_46_shadow_swap,0.4736842105263159,3.3157894736842106,38,1.194400601885286,3,9,4,17,5,2.8421052631578947,38,0.9326339550878605,3,10,16,8,1
swap_47_lightdir_swap,1.818181818181818,4.090909090909091,11,0.899954085146515,0,1,1,5,4,2.272727272727273,11,1.052348809344566,3,4,2,2,0
swap_47_reflection_swap,1.1481481481481484,3.037037037037037,27,1.137947518202757,4,4,7,11,1,1.8888888888888888,27,1.0304020550550783,12,9,4,1,1
swap_47_shadow_swap,0.13953488372093,3.13953488372093,43,0.8781957017906608,1,10,15,16,1,3.0,43,0.9400643223910575,2,11,17,11,2
swap_48_lightdir_swap,0.9090909090909092,3.8181818181818183,11,1.1134044285378082,0,2,2,3,4,2.909090909090909,11,1.1642044068059725,2,2,2,5,0
swap_48_reflection_swap,3.333333333333334,4.481481481481482,27,0.7388865682688891,0,1,1,9,16,1.1481481481481481,27,0.3552467795046459,23,4,0,0,0
swap_48_shadow_swap,3.1578947368421053,4.368421052631579,38,0.9296590385608259,1,1,3,11,22,1.2105263157894737,38,0.6942582083301536,34,2,0,2,0
swap_49_lightdir_swap,0.6666666666666665,3.888888888888889,9,0.3142696805273545,0,0,1,8,0,3.2222222222222223,9,0.9162456945817024,0,3,1,5,0
swap_49_reflection_swap,3.1724137931034484,4.379310344827586,29,0.715049701838887,0,0,4,10,15,1.206896551724138,29,0.7601864718982276,26,2,0,0,1
swap_49_shadow_swap,3.1500000000000004,4.325,40,0.8771402396424416,1,1,2,16,20,1.175,40,0.5425633603552676,35,4,0,1,0
swap_50_lightdir_swap,1.7142857142857149,4.142857142857143,14,0.9147320339189785,0,1,2,5,6,2.4285714285714284,14,0.9793792286287206,2,7,2,3,0
swap_50_reflection_swap,2.6818181818181817,3.8181818181818183,22,1.2662171161076472,2,2,2,8,8,1.1363636363636365,22,0.3431742925123068,19,3,0,0,0
swap_50_shadow_swap,2.146341463414634,3.7560975609756095,41,0.9313113703432577,1,4,6,23,7,1.6097560975609757,41,0.9338629131256901,26,8,4,3,0
swap_51_lightdir_swap,1.222222222222222,3.5555555555555554,9,0.8314794192830981,0,1,3,4,1,2.3333333333333335,9,1.0540925533894598,2,4,1,2,0
swap_51_reflection_swap,3.0,4.148148148148148,27,1.0785347984119287,1,1,5,6,14,1.1481481481481481,27,0.3552467795046459,23,4,0,0,0
swap_51_shadow_swap,2.052631578947368,3.5789473684210527,38,1.0164846271488404,3,2,7,22,4,1.5263157894736843,38,0.6781104593013224,22,12,4,0,0
swap_52_lightdir_swap,1.0,4.285714285714286,14,0.7953949089757174,0,0,3,4,7,3.2857142857142856,14,1.097306535409801,1,2,5,4,2
swap_52_reflection_swap,3.2592592592592595,4.407407407407407,27,1.0974468437058558,1,2,1,4,19,1.1481481481481481,27,0.3552467795046459,23,4,0,0,0
swap_52_shadow_swap,2.902439024390244,4.2439024390243905,41,0.9313113703432577,1,1,5,14,20,1.3414634146341464,41,0.926829268292683,35,2,1,2,1
swap_53_lightdir_swap,0.9090909090909088,4.181818181818182,11,0.5749595745760689,0,0,1,7,3,3.272727272727273,11,1.4200453956193917,1,4,0,3,3
swap_53_reflection_swap,3.2413793103448274,4.413793103448276,29,0.8516613127743771,1,0,1,11,16,1.1724137931034482,29,0.37773969483114905,24,5,0,0,0
swap_53_shadow_swap,3.2195121951219514,4.341463414634147,41,0.9001288823046797,1,1,3,14,22,1.1219512195121952,41,0.3947905867375279,37,3,1,0,0
swap_54_lightdir_swap,1.2857142857142856,4.071428571428571,14,0.7034898429854359,0,0,3,7,4,2.7857142857142856,14,1.1450871101343856,2,4,4,3,1
swap_54_reflection_swap,3.0740740740740744,4.296296296296297,27,1.116038457282916,2,0,2,7,16,1.2222222222222223,27,0.4969039949999533,22,4,1,0,0
swap_54_shadow_swap,0.6097560975609753,2.8536585365853657,41,1.1166364041228876,6,10,10,14,1,2.2439024390243905,41,1.0307583711763628,11,15,10,4,1
swap_55_lightdir_swap,1.5555555555555554,3.5555555555555554,9,0.6849348892187752,0,1,2,6,0,2.0,9,0.9428090415820634,3,4,1,1,0
swap_55_reflection_swap,3.037037037037037,4.2592592592592595,27,1.0747124539664377,2,0,1,10,14,1.2222222222222223,27,0.41573970964154905,21,6,0,0,0
swap_55_shadow_swap,0.3170731707317071,2.7804878048780486,41,1.0709511414683,4,16,7,13,1,2.4634146341463414,41,1.0144699679553864,9,11,14,7,0
swap_56_lightdir_swap,1.0,3.2142857142857144,14,1.3720980508784675,2,3,2,4,3,2.2142857142857144,14,0.860113898485164,3,6,4,1,0
swap_56_reflection_swap,3.0,4.318181818181818,22,0.8731533051044794,0,1,3,6,12,1.3181818181818181,22,0.8731533051044794,18,3,0,0,1
swap_56_shadow_swap,2.325,3.475,40,1.2038999127834507,3,8,3,19,7,1.15,40,0.5267826876426369,36,3,0,1,0
swap_57_lightdir_swap,1.7272727272727275,3.909090909090909,11,0.8999540851465151,0,1,2,5,3,2.1818181818181817,11,0.8331955809010617,2,6,2,1,0
swap_57_reflection_swap,3.2592592592592595,4.444444444444445,27,0.628539361054709,0,0,2,11,14,1.1851851851851851,27,0.3884477215445006,22,5,0,0,0
swap_57_shadow_swap,2.13953488372093,3.395348837209302,43,1.260113226432006,5,6,7,17,8,1.255813953488372,43,0.7182997772781629,37,3,1,2,0
swap_58_lightdir_swap,1.4444444444444446,3.3333333333333335,9,1.3333333333333333,1,2,1,3,2,1.8888888888888888,9,0.9938079899999066,4,3,1,1,0
swap_58_reflection_swap,2.9259259259259265,4.2592592592592595,27,0.6988134171893782,0,1,1,15,10,1.3333333333333333,27,0.5443310539518174,19,7,1,0,0
swap_58_shadow_swap,1.1627906976744184,3.441860465116279,43,1.0184878344399158,2,8,5,25,3,2.2790697674418605,43,0.8976864681683154,9,17,13,4,0
swap_59_lightdir_swap,1.5555555555555554,3.5555555555555554,9,0.8314794192830981,0,1,3,4,1,2.0,9,1.1547005383792515,3,5,0,0,1
swap_59_reflection_swap,3.037037037037037,4.185185185185185,27,0.9442628728875527,1,1,1,13,11,1.1481481481481481,27,0.3552467795046459,23,4,0,0,0
swap_59_shadow_swap,1.0500000000000005,3.2,40,0.9273618495495705,2,7,13,17,1,2.15,40,0.9367496997597597,11,16,9,4,0
swap_60_lightdir_swap,1.5454545454545454,3.727272727272727,11,1.1354541815269814,1,0,3,4,3,2.1818181818181817,11,0.8331955809010617,2,6,2,1,0
swap_60_reflection_swap,3.444444444444444,4.555555555555555,27,0.8314794192830981,1,0,0,8,18,1.1111111111111112,27,0.3142696805273545,24,3,0,0,0
swap_60_shadow_swap,2.268292682926829,3.3902439024390243,41,1.1661495695494557,2,8,12,10,9,1.1219512195121952,41,0.5034089619646412,38,2,0,1,0
swap_61_lightdir_swap,1.1428571428571428,3.642857142857143,14,1.2309777099724346,1,1,5,2,5,2.5,14,1.118033988749895,3,4,5,1,1
swap_61_reflection_swap,3.4482758620689653,4.620689655172414,29,0.715049701838887,0,1,1,6,21,1.1724137931034482,29,0.377739694831149,24,5,0,0,0
swap_61_shadow_swap,2.473684210526316,3.5526315789473686,38,1.3513612712071332,4,6,5,11,12,1.0789473684210527,38,0.2696565991042,35,3,0,0,0
swap_62_lightdir_swap,1.6666666666666667,3.3333333333333335,9,1.0540925533894598,0,3,1,4,1,1.6666666666666667,9,0.6666666666666666,4,4,1,0,0
swap_62_reflection_swap,3.454545454545455,4.545454545454546,22,0.7820295697311477,0,1,1,5,15,1.0909090909090908,22,0.28747978728803447,20,2,0,0,0
swap_62_shadow_swap,0.1499999999999999,3.025,40,1.1065147988165365,4,10,9,15,2,2.875,40,1.029259442511945,3,14,9,13,1
swap_63_lightdir_swap,2.0,3.5454545454545454,11,1.304790917673393,1,2,1,4,3,1.5454545454545454,11,0.8907235428302467,7,3,0,1,0
swap_63_reflection_swap,3.137931034482758,4.482758620689655,29,0.7710579232757895,0,1,2,8,18,1.3448275862068966,29,0.841831421774738,23,4,1,0,1
swap_63_shadow_swap,0.0,2.8292682926829267,41,1.056973106342461,3,15,12,8,3,2.8292682926829267,41,1.0798021278623735,6,9,13,12,1
swap_64_lightdir_swap,2.8571428571428577,4.428571428571429,14,0.7284313590846835,0,0,2,4,8,1.5714285714285714,14,0.7284313590846836,8,4,2,0,0
swap_64_reflection_swap,2.0,3.6666666666666665,27,1.186342028003479,2,2,7,8,8,1.6666666666666667,27,0.90267093384844,16,5,5,1,0
swap_64_shadow_swap,2.947368421052632,4.105263157894737,38,1.0460319428606206,2,1,4,15,16,1.1578947368421053,38,0.43080804062486583,33,4,1,0,0
swap_65_lightdir_swap,2.214285714285714,4.071428571428571,14,0.8835226340609273,0,1,2,6,5,1.8571428571428572,14,1.124858267715973,7,4,2,0,1
swap_65_reflection_swap,1.8888888888888888,3.5555555555555554,27,1.1653431646335017,1,5,6,8,7,1.6666666666666667,27,0.9026709338484399,15,8,2,2,0
swap_65_shadow_swap,2.7,4.125,40,1.0997158723961387,2,3,1,16,18,1.425,40,0.8332916656249479,30,5,3,2,0
swap_66_lightdir_swap,2.7857142857142856,4.214285714285714,14,0.9394961741404219,0,1,2,4,7,1.4285714285714286,14,0.6226998490772391,9,4,1,0,0
swap_66_reflection_swap,1.2222222222222223,3.037037037037037,27,1.2614360271056595,4,6,5,9,3,1.8148148148148149,27,0.8622553130979863,12,9,5,1,0
swap_66_shadow_swap,0.8157894736842106,3.236842105263158,38,1.0621282142426614,3,6,11,15,3,2.4210526315789473,38,1.2488221597583866,13,7,8,9,1
swap_67_lightdir_swap,2.666666666666666,4.111111111111111,9,0.9938079899999066,0,1,1,3,4,1.4444444444444444,9,0.4969039949999533,5,4,0,0,0
swap_67_reflection_swap,1.090909090909091,2.4545454545454546,22,1.304790917673393,6,7,5,1,3,1.3636363636363635,22,0.77138921583987,17,3,1,1,0
swap_67_shadow_swap,0.7000000000000002,3.225,40,0.9871043511199816,2,8,11,17,2,2.525,40,1.0951598056904754,10,8,13,9,0
swap_68_lightdir_swap,2.4285714285714284,3.9285714285714284,14,1.1627728997214075,1,1,1,6,5,1.5,14,0.7319250547113999,9,3,2,0,0
swap_68_reflection_swap,2.3103448275862064,3.4482758620689653,29,1.4284355294626192,4,5,3,8,9,1.1379310344827587,29,0.34482758620689663,25,4,0,0,0
swap_68_shadow_swap,3.210526315789473,4.342105263157895,38,0.8359147460141365,1,0,3,15,19,1.131578947368421,38,0.5216902000420791,35,2,0,1,0
swap_69_lightdir_swap,2.545454545454545,4.363636363636363,11,0.8813963377120598,0,1,0,4,6,1.8181818181818181,11,0.8331955809010618,5,3,3,0,0
swap_69_reflection_swap,2.2592592592592595,3.5185185185185186,27,1.2581694630713356,4,1,4,13,5,1.2592592592592593,27,0.7978021936495561,23,3,0,0,1
swap_69_shadow_swap,2.65,4.0,40,1.02469507659596,2,2,3,20,13,1.35,40,0.88175960442742,33,3,2,1,1
swap_70_lightdir_swap,2.333333333333333,3.888888888888889,9,0.8748897637790901,0,1,1,5,2,1.5555555555555556,9,0.6849348892187752,5,3,1,0,0
swap_70_reflection_swap,1.888888888888889,3.2222222222222223,27,1.3425606637327303,4,4,7,6,6,1.3333333333333333,27,0.6666666666666666,20,6,0,1,0
swap_70_shadow_swap,0.0,2.789473684210526,38,1.1275939624015028,5,11,12,7,3,2.789473684210526,38,1.0041465278073112,4,12,10,12,0
swap_71_lightdir_swap,2.4444444444444446,4.222222222222222,9,0.41573970964154905,0,0,0,7,2,1.7777777777777777,9,0.9162456945817024,5,1,3,0,0
swap_71_reflection_swap,2.1111111111111107,3.3703703703703702,27,1.2216609261089364,3,3,7,9,5,1.2592592592592593,27,0.5158662324883007,21,5,1,0,0
swap_71_shadow_swap,0.0243902439024386,2.7560975609756095,41,1.2836777918966602,8,12,7,10,4,2.731707317073171,41,1.1898839919658994,6,15,7,10,3
swap_72_lightdir_swap,0.1428571428571428,4.071428571428571,14,0.45736601695948925,0,0,1,11,2,3.9285714285714284,14,0.7034898429854359,0,1,1,10,2
swap_72_reflection_swap,2.037037037037037,3.6666666666666665,27,1.3052600138300812,3,3,2,11,8,1.6296296296296295,27,0.7768954430890012,14,10,2,1,0
swap_72_shadow_swap,3.441860465116279,4.5813953488372094,43,0.6553024559816452,0,0,4,10,29,1.1395348837209303,43,0.5095093558187592,39,3,0,1,0
swap_73_lightdir_swap,-0.1111111111111107,3.4444444444444446,9,0.6849348892187751,0,1,3,5,0,3.5555555555555554,9,0.8314794192830981,0,1,3,4,1
swap_73_reflection_swap,1.827586206896552,3.4482758620689653,29,1.3793103448275863,4,4,4,9,8,1.6206896551724137,29,0.8057463065895119,16,9,3,1,0
swap_73_shadow_swap,3.35,4.6,40,0.5385164807134505,0,0,1,14,25,1.25,40,0.6224949798994366,33,5,1,1,0
swap_74_lightdir_swap,0.0,4.142857142857143,14,0.7423074889580902,0,0,3,6,5,4.142857142857143,14,0.7423074889580902,0,0,3,6,5
swap_74_reflection_swap,1.4545454545454548,3.272727272727273,22,1.4517017656973918,4,3,4,5,6,1.8181818181818181,22,0.9359663764533636,11,5,5,1,0
swap_74_shadow_swap,0.2195121951219514,3.097560975609756,41,1.0313353420422426,3,9,12,15,2,2.8780487804878048,41,0.9421077032111203,4,8,19,9,1
swap_75_lightdir_swap,-0.2857142857142856,3.642857142857143,14,1.171515676204052,1,1,4,4,4,3.9285714285714284,14,0.8835226340609272,0,1,3,6,4
swap_75_reflection_swap,1.2962962962962965,3.2222222222222223,27,1.227262335243029,4,3,6,11,3,1.9259259259259258,27,1.1197197376171093,13,7,4,2,1
swap_75_shadow_swap,0.048780487804878,2.926829268292683,41,1.0907648670730683,4,13,7,16,1,2.8780487804878048,41,1.0168128578378455,4,11,13,12,1
swap_76_lightdir_swap,0.071428571428572,4.142857142857143,14,0.6388765649999398,0,0,2,8,4,4.071428571428571,14,0.8835226340609273,0,1,2,6,5
swap_76_reflection_swap,2.666666666666667,3.925925925925926,27,1.0514866345613623,1,3,1,14,8,1.2592592592592593,27,0.438228132081453,20,7,0,0,0
swap_76_shadow_swap,3.325581395348837,4.395348837209302,43,0.6519928264593574,0,0,4,18,21,1.069767441860465,43,0.2547546779093796,40,3,0,0,0
swap_77_lightdir_swap,-0.1428571428571432,4.0,14,0.8451542547285166,0,1,2,7,4,4.142857142857143,14,0.5150787536377128,0,0,1,10,3
swap_77_reflection_swap,2.185185185185185,3.6296296296296298,27,1.2216609261089364,3,1,6,10,7,1.4444444444444444,27,0.8748897637790901,19,6,1,0,1
swap_77_shadow_swap,3.0500000000000003,4.275,40,0.8940777371123833,2,0,0,21,17,1.225,40,0.6887488656977956,35,3,0,2,0
swap_78_lightdir_swap,0.2142857142857144,4.0,14,0.6546536707079771,0,0,3,8,3,3.7857142857142856,14,1.1450871101343854,1,1,2,6,4
swap_78_reflection_swap,2.148148148148148,3.4074074074074074,27,1.225024845077128,3,4,3,13,4,1.2592592592592593,27,0.438228132081453,20,7,0,0,0
swap_78_shadow_swap,0.0250000000000003,2.7,40,0.9539392014169457,4,13,15,7,1,2.675,40,1.0341058939973218,6,12,11,11,0
swap_79_lightdir_swap,-0.0909090909090908,3.909090909090909,11,0.7925270806437588,0,1,1,7,2,4.0,11,1.044465935734187,0,2,0,5,4
swap_79_reflection_swap,1.818181818181818,3.1363636363636362,22,1.3583229815894486,4,3,5,6,4,1.3181818181818181,22,0.5548434370788047,16,5,1,0,0
swap_79_shadow_swap,0.25,3.025,40,0.8799857953399021,1,11,15,12,1,2.775,40,0.9350802104632523,4,11,15,10,0
swap_80_lightdir_swap,0.333333333333333,3.5555555555555554,9,0.8314794192830981,0,2,0,7,0,3.2222222222222223,9,1.0304020550550783,1,1,2,5,0
swap_80_reflection_swap,2.4074074074074074,4.37037037037037,27,0.9486109981381998,1,1,0,10,15,1.962962962962963,27,0.9222147850362026,10,10,5,2,0
swap_80_shadow_swap,2.8372093023255816,4.093023255813954,43,0.7412733697911268,0,1,7,22,13,1.255813953488372,43,0.7499774649580047,38,1,2,2,0
swap_81_lightdir_swap,0.0714285714285716,3.7142857142857144,14,1.0973065354098013,1,1,2,7,3,3.642857142857143,14,0.9715336077668173,0,3,1,8,2
swap_81_reflection_swap,2.3793103448275863,4.172413793103448,29,1.0849746705208465,1,2,3,8,15,1.793103448275862,29,1.156072732016566,16,8,2,1,2
swap_81_shadow_swap,3.026315789473684,4.184210526315789,38,0.8539463547151552,0,3,2,18,15,1.1578947368421053,38,0.5860804592452655,35,1,1,1,0
swap_82_lightdir_swap,0.5714285714285716,3.857142857142857,14,1.2453996981544782,1,2,0,6,5,3.2857142857142856,14,1.0301575072754254,1,2,4,6,1
swap_82_reflection_swap,2.2222222222222223,4.037037037037037,27,1.2012796103871743,3,0,1,12,11,1.8148148148148149,27,1.0553930999092598,13,10,1,2,1
swap_82_shadow_swap,1.4146341463414631,3.4878048780487805,41,1.0847490711188823,2,7,7,19,6,2.073170731707317,41,0.9973194292810182,15,12,10,4,0
swap_83_lightdir_swap,1.2222222222222223,4.222222222222222,9,0.41573970964154905,0,0,0,7,2,3.0,9,1.632993161855452,2,3,0,1,3
swap_83_reflection_swap,2.666666666666667,4.481481481481482,27,0.6307180135528297,0,0,2,10,15,1.8148148148148149,27,1.0899214051527528,14,8,2,2,1
swap_83_shadow_swap,1.3902439024390243,3.3902439024390243,41,1.1016185161596308,2,8,9,16,6,2.0,41,0.7963330593811955,12,18,10,1,0
swap_84_lightdir_swap,0.2222222222222223,3.7777777777777777,9,1.1331154474650633,1,0,1,5,2,3.5555555555555554,9,0.49690399499995325,0,0,4,5,0
swap_84_reflection_swap,3.172413793103448,4.275862068965517,29,0.9430892642191272,0,2,4,7,16,1.103448275862069,29,0.30454347814923605,26,3,0,0,0
swap_84_shadow_swap,2.625,3.75,40,0.9151502608861564,1,3,8,21,7,1.125,40,0.5092887196865841,37,2,0,1,0
swap_85_lightdir_swap,1.1818181818181817,4.2727272727272725,11,1.1354541815269814,1,0,0,4,6,3.090909090909091,11,1.2398346997259868,1,3,3,2,2
swap_85_reflection_swap,3.185185185185185,4.37037037037037,27,0.8670148082014537,0,2,1,9,15,1.1851851851851851,27,0.3884477215445006,22,5,0,0,0
swap_85_shadow_swap,3.0,4.078947368421052,38,0.95646220238875,1,2,4,17,14,1.0789473684210527,38,0.2696565991042,35,3,0,0,0
swap_86_lightdir_swap,0.4444444444444446,3.2222222222222223,9,1.0304020550550783,1,1,2,5,0,2.7777777777777777,9,1.1331154474650633,2,1,3,3,0
swap_86_reflection_swap,2.689655172413793,4.0,29,1.144702942944678,1,3,4,8,13,1.3103448275862069,29,0.7475683927130621,24,2,2,1,0
swap_86_shadow_swap,0.1500000000000003,2.95,40,0.998749217771909,3,11,12,13,1,2.8,40,1.004987562112089,3,15,10,11,1
swap_87_lightdir_swap,0.7272727272727271,4.181818181818182,11,1.1134044285378082,1,0,0,5,5,3.4545454545454546,11,1.3047909176733932,1,2,2,3,3
swap_87_reflection_swap,3.0,4.090909090909091,22,0.9958591954639383,0,2,4,6,10,1.0909090909090908,22,0.28747978728803447,20,2,0,0,0
swap_87_shadow_swap,0.1627906976744184,3.13953488372093,43,0.9784039054866339,3,8,13,18,1,2.9767441860465116,43,0.9273210249942737,1,14,15,11,2
swap_88_lightdir_swap,1.3571428571428572,4.0,14,0.9258200997725514,0,1,3,5,5,2.642857142857143,14,1.3942300925673667,4,3,3,2,2
swap_88_reflection_swap,3.2222222222222223,4.666666666666667,27,0.4714045207910317,0,0,0,9,18,1.4444444444444444,27,0.6849348892187752,17,9,0,1,0
swap_88_shadow_swap,3.0,4.162790697674419,43,0.9383367907828843,1,3,1,21,17,1.1627906976744187,43,0.6444840214209776,40,1,0,2,0
swap_89_lightdir_swap,1.363636363636363,3.727272727272727,11,0.7496555682941201,0,1,2,7,1,2.3636363636363638,11,1.1499191491521379,3,4,1,3,0
swap_89_reflection_swap,3.103448275862069,4.586206896551724,29,0.7200211385455553,0,1,1,7,20,1.4827586206896552,29,0.724958484194091,18,9,1,1,0
swap_89_shadow_swap,2.9736842105263155,4.052631578947368,38,1.0499967022768422,2,1,5,15,15,1.0789473684210527,38,0.2696565991042,35,3,0,0,0
swap_90_lightdir_swap,1.5000000000000004,4.142857142857143,14,0.7423074889580902,0,0,3,6,5,2.642857142857143,14,1.2309777099724346,4,2,3,5,0
swap_90_reflection_swap,3.037037037037037,4.62962962962963,27,0.5543196128553987,0,0,1,8,18,1.5925925925925926,27,0.7821745215534399,16,6,5,0,0
swap_90_shadow_swap,2.1578947368421053,3.8421052631578947,38,0.8437483969411261,0,4,5,22,7,1.6842105263157894,38,0.7981974151633212,19,13,5,1,0
swap_91_lightdir_swap,1.818181818181818,4.181818181818182,11,0.8331955809010617,0,0,3,3,5,2.3636363636363638,11,0.8813963377120598,2,4,4,1,0
swap_91_reflection_swap,2.851851851851852,4.444444444444445,27,0.9938079899999066,1,1,1,6,18,1.5925925925925926,27,0.9529392837236005,18,4,3,2,0
swap_91_shadow_swap,1.894736842105263,3.6842105263157894,38,0.9488292830168393,1,4,7,20,6,1.7894736842105263,38,0.9502878992246203,20,8,8,2,0
swap_92_lightdir_swap,1.3333333333333337,3.888888888888889,9,0.7370277311900889,0,0,3,4,2,2.5555555555555554,9,1.0657403385139377,2,2,3,2,0
swap_92_reflection_swap,3.454545454545455,4.7272727272727275,22,0.6165754530113879,0,0,2,2,18,1.2727272727272727,22,0.8624393618641034,19,2,0,0,1
swap_92_shadow_swap,3.069767441860465,4.162790697674419,43,0.8607793266661278,1,1,4,21,16,1.0930232558139534,43,0.47318581277618155,41,1,0,1,0
swap_93_lightdir_swap,1.214285714285714,4.071428571428571,14,0.798595706249925,0,1,1,8,4,2.857142857142857,14,1.3014905113063284,3,2,5,2,2
swap_93_reflection_swap,3.4074074074074074,4.7407407407407405,27,0.438228132081453,0,0,0,7,20,1.3333333333333333,27,0.6666666666666666,20,6,0,1,0
swap_93_shadow_swap,3.1463414634146343,4.195121951219512,41,0.8616352064710096,0,2,6,15,18,1.048780487804878,41,0.3085148936749638,40,0,1,0,0
swap_94_lightdir_swap,1.727272727272727,4.181818181818182,11,0.9359663764533637,0,1,1,4,5,2.4545454545454546,11,1.0756508696544758,3,2,4,2,0
swap_94_reflection_swap,3.310344827586208,4.517241379310345,29,0.6757213083539801,0,1,0,11,17,1.206896551724138,29,0.48275862068965514,24,4,1,0,0
swap_94_shadow_swap,0.4186046511627905,3.13953488372093,43,0.9543388152875901,1,12,12,16,2,2.7209302325581395,43,0.9232294530827538,4,13,18,7,1
swap_95_lightdir_swap,2.0,4.181818181818182,11,0.7158188976374373,0,0,2,5,4,2.1818181818181817,11,1.192261549873091,4,3,3,0,1
swap_95_reflection_swap,3.1818181818181817,4.363636363636363,22,0.9791208740244551,0,2,2,4,14,1.1818181818181819,22,0.4895604370122276,19,2,1,0,0
swap_95_shadow_swap,0.3414634146341466,3.1951219512195124,41,1.0173977372982541,4,4,15,16,2,2.8536585365853657,41,1.0945758864544817,4,13,12,9,3
