pair_id,task,scene_id,condition,base_scene_group
thatcher_0_inv,thatcher,0,inv,thatcher::000
thatcher_0_str,thatcher,0,str,thatcher::000
thatcher_1_inv,thatcher,1,inv,thatcher::001
thatcher_1_str,thatcher,1,str,thatcher::001
thatcher_2_inv,thatcher,2,inv,thatcher::002
thatcher_2_str,thatcher,2,str,thatcher::002
thatcher_3_inv,thatcher,3,inv,thatcher::003
thatcher_3_str,thatcher,3,str,thatcher::003
thatcher_4_inv,thatcher,4,inv,thatcher::004
thatcher_4_str,thatcher,4,str,thatcher::004
thatcher_5_inv,thatcher,5,inv,thatcher::005
thatcher_5_str,thatcher,5,str,thatcher::005
thatcher_6_inv,thatcher,6,inv,thatcher::006
thatcher_6_str,thatcher,6,str,thatcher::006
thatcher_7_inv,thatcher,7,inv,thatcher::007
thatcher_7_str,thatcher,7,str,thatcher::007
thatcher_8_inv,thatcher,8,inv,thatcher::008
thatcher_8_str,thatcher,8,str,thatcher::008
thatcher_9_inv,thatcher,9,inv,thatcher::009
thatcher_9_str,thatcher,9,str,thatcher::009
thatcher_10_inv,thatcher,10,inv,thatcher::010
thatcher_10_str,thatcher,10,str,thatcher::010
thatcher_11_inv,thatcher,11,inv,thatcher::011
thatcher_11_str,thatcher,11,str,thatcher::011
thatcher_12_inv,thatcher,12,inv,thatcher::012
thatcher_12_str,thatcher,12,str,thatcher::012
thatcher_13_inv,thatcher,13,inv,thatcher::013
thatcher_13_str,thatcher,13,str,thatcher::013
thatcher_14_inv,thatcher,14,inv,thatcher::014
thatcher_14_str,thatcher,14,str,thatcher::014
thatcher_15_inv,thatcher,15,inv,thatcher::015
thatcher_15_str,thatcher,15,str,thatcher::015
thatcher_16_inv,thatcher,16,inv,thatcher::016
thatcher_16_str,thatcher,16,str,thatcher::016
thatcher_17_inv,thatcher,17,inv,thatcher::017
thatcher_17_str,thatcher,17,str,thatcher::017
thatcher_18_inv,thatcher,18,inv,thatcher::018
thatcher_18_str,thatcher,18,str,thatcher::018
thatcher_19_inv,thatcher,19,inv,thatcher::019
thatcher_19_str,thatcher,19,str,thatcher::019
thatcher_20_inv,thatcher,20,inv,thatcher::020
thatcher_20_str,thatcher,20,str,thatcher::020
thatcher_21_inv,thatcher,21,inv,thatcher::021
thatcher_21_str,thatcher,21,str,thatcher::021
thatcher_22_inv,thatcher,22,inv,thatcher::022
thatcher_22_str,thatcher,22,str,thatcher::022
thatcher_23_inv,thatcher,23,inv,thatcher::023
thatcher_23_str,thatcher,23,str,thatcher::023
thatcher_24_inv,thatcher,24,inv,thatcher::024
thatcher_24_str,thatcher,24,str,thatcher::024
thatcher_25_inv,thatcher,25,inv,thatcher::025
thatcher_25_str,thatcher,25,str,thatcher::025
thatcher_26_inv,thatcher,26,inv,thatcher::026
thatcher_26_str,thatcher,26,str,thatcher::026
thatcher_27_inv,thatcher,27,inv,thatcher::027
thatcher_27_str,thatcher,27,str,thatcher::027
thatcher_28_inv,thatcher,28,inv,thatcher::028
thatcher_28_str,thatcher,28,str,thatcher::028
thatcher_29_inv,thatcher,29,inv,thatcher::029
thatcher_29_str,thatcher,29,str,thatcher::029
thatcher_30_inv,thatcher,30,inv,thatcher::030
thatcher_30_str,thatcher,30,str,thatcher::030
thatcher_31_inv,thatcher,31,inv,thatcher::031
thatcher_31_str,thatcher,31,str,thatcher::031
thatcher_32_inv,thatcher,32,inv,thatcher::032
thatcher_32_str,thatcher,32,str,thatcher::032
thatcher_33_inv,thatcher,33,inv,thatcher::033
thatcher_33_str,thatcher,33,str,thatcher::033
thatcher_34_inv,thatcher,34,inv,thatcher::034
thatcher_34_str,thatcher,34,str,thatcher::034
thatcher_35_inv,thatcher,35,inv,thatcher::035
thatcher_35_str,thatcher,35,str,thatcher::035
thatcher_36_inv,thatcher,36,inv,thatcher::036
thatcher_36_str,thatcher,36,str,thatcher::036
thatcher_37_inv,thatcher,37,inv,thatcher::037
thatcher_37_str,thatcher,37,str,thatcher::037
thatcher_38_inv,thatcher,38,inv,thatcher::038
thatcher_38_str,thatcher,38,str,thatcher::038
thatcher_39_inv,thatcher,39,inv,thatcher::039
thatcher_39_str,thatcher,39,str,thatcher::039
thatcher_40_inv,thatcher,40,inv,thatcher::040
thatcher_40_str,thatcher,40,str,thatcher::040
thatcher_41_inv,thatcher,41,inv,thatcher::041
thatcher_41_str,thatcher,41,str,thatcher::041
thatcher_42_inv,thatcher,42,inv,thatcher::042
thatcher_42_str,thatcher,42,str,thatcher::042
thatcher_43_inv,thatcher,43,inv,thatcher::043
thatcher_43_str,thatcher,43,str,thatcher::043
thatcher_44_inv,thatcher,44,inv,thatcher::044
thatcher_44_str,thatcher,44,str,thatcher::044
thatcher_45_inv,thatcher,45,inv,thatcher::045
thatcher_45_str,thatcher,45,str,thatcher::045
thatcher_46_inv,thatcher,46,inv,thatcher::046
thatcher_46_str,thatcher,46,str,thatcher::046
thatcher_47_inv,thatcher,47,inv,thatcher::047
thatcher_47_str,thatcher,47,str,thatcher::047
thatcher_48_inv,thatcher,48,inv,thatcher::048
thatcher_48_str,thatcher,48,str,thatcher::048
thatcher_49_inv,thatcher,49,inv,thatcher::049
thatcher_49_str,thatcher,49,str,thatcher::049
thatcher_50_inv,thatcher,50,inv,thatcher::050
thatcher_50_str,thatcher,50,str,thatcher::050
thatcher_51_inv,thatcher,51,inv,thatcher::051
thatcher_51_str,thatcher,51,str,thatcher::051
thatcher_52_inv,thatcher,52,inv,thatcher::052
thatcher_52_str,thatcher,52,str,thatcher::052
thatcher_53_inv,thatcher,53,inv,thatcher::053
thatcher_53_str,thatcher,53,str,thatcher::053
thatcher_54_inv,thatcher,54,inv,thatcher::054
thatcher_54_str,thatcher,54,str,thatcher::054
thatcher_55_inv,thatcher,55,inv,thatcher::055
thatcher_55_str,thatcher,55,str,thatcher::055
thatcher_56_inv,thatcher,56,inv,thatcher::056
thatcher_56_str,thatcher,56,str,thatcher::056
thatcher_57_inv,thatcher,57,inv,thatcher::057
thatcher_57_str,thatcher,57,str,thatcher::057
thatcher_58_inv,thatcher,58,inv,thatcher::058
thatcher_58_str,thatcher,58,str,thatcher::058
thatcher_59_inv,thatcher,59,inv,thatcher::059
thatcher_59_str,thatcher,59,str,thatcher::059
thatcher_60_inv,thatcher,60,inv,thatcher::060
thatcher_60_str,thatcher,60,str,thatcher::060
thatcher_61_inv,thatcher,61,inv,thatcher::061
thatcher_61_str,thatcher,61,str,thatcher::061
thatcher_62_inv,thatcher,62,inv,thatcher::062
thatcher_62_str,thatcher,62,str,thatcher::062
thatcher_63_inv,thatcher,63,inv,thatcher::063
thatcher_63_str,thatcher,63,str,thatcher::063
thatcher_64_inv,thatcher,64,inv,thatcher::064
thatcher_64_str,thatcher,64,str,thatcher::064
thatcher_65_inv,thatcher,65,inv,thatcher::065
thatcher_65_str,thatcher,65,str,thatcher::065
thatcher_66_inv,thatcher,66,inv,thatcher::066
thatcher_66_str,thatcher,66,str,thatcher::066
thatcher_67_inv,thatcher,67,inv,thatcher::067
thatcher_67_str,thatcher,67,str,thatcher::067
thatcher_68_inv,thatcher,68,inv,thatcher::068
thatcher_68_str,thatcher,68,str,thatcher::068
thatcher_69_inv,thatcher,69,inv,thatcher::069
thatcher_69_str,thatcher,69,str,thatcher::069
thatcher_70_inv,thatcher,70,inv,thatcher::070
thatcher_70_str,thatcher,70,str,thatcher::070
thatcher_71_inv,thatcher,71,inv,thatcher::071
thatcher_71_str,thatcher,71,str,thatcher::071
thatcher_72_inv,thatcher,72,inv,thatcher::072
thatcher_72_str,thatcher,72,str,thatcher::072
thatcher_73_inv,thatcher,73,inv,thatcher::073
thatcher_73_str,thatcher,73,str,thatcher::073
thatcher_74_inv,thatcher,74,inv,thatcher::074
thatcher_74_str,thatcher,74,str,thatcher::074
thatcher_75_inv,thatcher,75,inv,thatcher::075
thatcher_75_str,thatcher,75,str,thatcher::075
thatcher_76_inv,thatcher,76,inv,thatcher::076
thatcher_76_str,thatcher,76,str,thatcher::076
thatcher_77_inv,thatcher,77,inv,thatcher::077
thatcher_77_str,thatcher,77,str,thatcher::077
thatcher_78_inv,thatcher,78,inv,thatcher::078
thatcher_78_str,thatcher,78,str,thatcher::078
thatcher_79_inv,thatcher,79,inv,thatcher::079
thatcher_79_str,thatcher,79,str,thatcher::079
thatcher_80_inv,thatcher,80,inv,thatcher::080
thatcher_80_str,thatcher,80,str,thatcher::080
thatcher_81_inv,thatcher,81,inv,thatcher::081
thatcher_81_str,thatcher,81,str,thatcher::081
thatcher_82_inv,thatcher,82,inv,thatcher::082
thatcher_82_str,thatcher,82,str,thatcher::082
thatcher_83_inv,thatcher,83,inv,thatcher::083
thatcher_83_str,thatcher,83,str,thatcher::083
thatcher_84_inv,thatcher,84,inv,thatcher::084
thatcher_84_str,thatcher,84,str,thatcher::084
thatcher_85_inv,thatcher,85,inv,thatcher::085
thatcher_85_str,thatcher,85,str,thatcher::085
thatcher_86_inv,thatcher,86,inv,thatcher::086
thatcher_86_str,thatcher,86,str,thatcher::086
thatcher_87_inv,thatcher,87,inv,thatcher::087
thatcher_87_str,thatcher,87,str,thatcher::087
thatcher_88_inv,thatcher,88,inv,thatcher::088
thatcher_88_str,thatcher,88,str,thatcher::088
thatcher_89_inv,thatcher,89,inv,thatcher::089
thatcher_89_str,thatcher,89,str,thatcher::089
thatcher_90_inv,thatcher,90,inv,thatcher::090
thatcher_90_str,thatcher,90,str,thatcher::090
thatcher_91_inv,thatcher,91,inv,thatcher::091
thatcher_91_str,thatcher,91,str,thatcher::091
thatcher_92_inv,thatcher,92,inv,thatcher::092
thatcher_92_str,thatcher,92,str,thatcher::092
thatcher_93_inv,thatcher,93,inv,thatcher::093
thatcher_93_str,thatcher,93,str,thatcher::093
thatcher_94_inv,thatcher,94,inv,thatcher::094
thatcher_94_str,thatcher,94,str,thatcher::094
thatcher_95_inv,thatcher,95,inv,thatcher::095
thatcher_95_str,thatcher,95,str,thatcher::095
thatcher_96_inv,thatcher,96,inv,thatcher::096
thatcher_96_str,thatcher,96,str,thatcher::096
thatcher_97_inv,thatcher,97,inv,thatcher::097
thatcher_97_str,thatcher,97,str,thatcher::097
thatcher_98_inv,thatcher,98,inv,thatcher::098
thatcher_98_str,thatcher,98,str,thatcher::098
thatcher_99_inv,thatcher,99,inv,thatcher::099
thatcher_99_str,thatcher,99,str,thatcher::099
thatcher_100_inv,thatcher,100,inv,thatcher::100
thatcher_100_str,thatcher,100,str,thatcher::100
thatcher_101_inv,thatcher,101,inv,thatcher::101
thatcher_101_str,thatcher,101,str,thatcher::101
thatcher_102_inv,thatcher,102,inv,thatcher::102
thatcher_102_str,thatcher,102,str,thatcher::102
thatcher_103_inv,thatcher,103,inv,thatcher::103
thatcher_103_str,thatcher,103,str,thatcher::103
thatcher_104_inv,thatcher,104,inv,thatcher::104
thatcher_104_str,thatcher,104,str,thatcher::104
thatcher_105_inv,thatcher,105,inv,thatcher::105
thatcher_105_str,thatcher,105,str,thatcher::105
thatcher_106_inv,thatcher,106,inv,thatcher::106
thatcher_106_str,thatcher,106,str,thatcher::106
thatcher_107_inv,thatcher,107,inv,thatcher::107
thatcher_107_str,thatcher,107,str,thatcher::107
thatcher_108_inv,thatcher,108,inv,thatcher::108
thatcher_108_str,thatcher,108,str,thatcher::108
thatcher_109_inv,thatcher,109,inv,thatcher::109
thatcher_109_str,thatcher,109,str,thatcher::109
thatcher_110_inv,thatcher,110,inv,thatcher::110
thatcher_110_str,thatcher,110,str,thatcher::110
thatcher_111_inv,thatcher,111,inv,thatcher::111
thatcher_111_str,thatcher,111,str,thatcher::111
thatcher_112_inv,thatcher,112,inv,thatcher::112
thatcher_112_str,thatcher,112,str,thatcher::112
thatcher_113_inv,thatcher,113,inv,thatcher::113
thatcher_113_str,thatcher,113,str,thatcher::113
thatcher_114_inv,thatcher,114,inv,thatcher::114
thatcher_114_str,thatcher,114,str,thatcher::114
thatcher_115_inv,thatcher,115,inv,thatcher::115
thatcher_115_str,thatcher,115,str,thatcher::115
thatcher_116_inv,thatcher,116,inv,thatcher::116
thatcher_116_str,thatcher,116,str,thatcher::116
thatcher_117_inv,thatcher,117,inv,thatcher::117
thatcher_117_str,thatcher,117,str,thatcher::117
thatcher_118_inv,thatcher,118,inv,thatcher::118
thatcher_118_str,thatcher,118,str,thatcher::118
thatcher_119_inv,thatcher,119,inv,thatcher::119
thatcher_119_str,thatcher,119,str,thatcher::119
thatcher_120_inv,thatcher,120,inv,thatcher::120
thatcher_120_str,thatcher,120,str,thatcher::120
thatcher_121_inv,thatcher,121,inv,thatcher::121
thatcher_121_str,thatcher,121,str,thatcher::121
thatcher_122_inv,thatcher,122,inv,thatcher::122
thatcher_122_str,thatcher,122,str,thatcher::122
thatcher_123_inv,thatcher,123,inv,thatcher::123
thatcher_123_str,thatcher,123,str,thatcher::123
thatcher_124_inv,thatcher,124,inv,thatcher::124
thatcher_124_str,thatcher,124,str,thatcher::124
thatcher_125_inv,thatcher,125,inv,thatcher::125
thatcher_125_str,thatcher,125,str,thatcher::125
thatcher_126_inv,thatcher,126,inv,thatcher::126
thatcher_126_str,thatcher,126,str,thatcher::126
thatcher_127_inv,thatcher,127,inv,thatcher::127
thatcher_127_str,thatcher,127,str,thatcher::127
thatcher_128_inv,thatcher,128,inv,thatcher::128
thatcher_128_str,thatcher,128,str,thatcher::128
thatcher_129_inv,thatcher,129,inv,thatcher::129
thatcher_129_str,thatcher,129,str,thatcher::129
thatcher_130_inv,thatcher,130,inv,thatcher::130
thatcher_130_str,thatcher,130,str,thatcher::130
thatcher_131_inv,thatcher,131,inv,thatcher::131
thatcher_131_str,thatcher,131,str,thatcher::131
thatcher_132_inv,thatcher,132,inv,thatcher::132
thatcher_132_str,thatcher,132,str,thatcher::132
thatcher_133_inv,thatcher,133,inv,thatcher::133
thatcher_133_str,thatcher,133,str,thatcher::133
thatcher_134_inv,thatcher,134,inv,thatcher::134
thatcher_134_str,thatcher,134,str,thatcher::134
thatcher_135_inv,thatcher,135,inv,thatcher::135
thatcher_135_str,thatcher,135,str,thatcher::135
thatcher_136_inv,thatcher,136,inv,thatcher::136
thatcher_136_str,thatcher,136,str,thatcher::136
thatcher_137_inv,thatcher,137,inv,thatcher::137
thatcher_137_str,thatcher,137,str,thatcher::137
thatcher_138_inv,thatcher,138,inv,thatcher::138
thatcher_138_str,thatcher,138,str,thatcher::138
thatcher_139_inv,thatcher,139,inv,thatcher::139
thatcher_139_str,thatcher,139,str,thatcher::139
swap_0_lightdir_swap,swap,0,lightdir_swap,swap::000
swap_0_reflection_swap,swap,0,reflection_swap,swap::000
swap_0_shadow_swap,swap,0,shadow_swap,swap::000
swap_1_lightdir_swap,swap,1,lightdir_swap,swap::000
swap_1_reflection_swap,swap,1,reflection_swap,swap::000
swap_1_shadow_swap,swap,1,shadow_swap,swap::000
swap_2_lightdir_swap,swap,2,lightdir_swap,swap::001
swap_2_reflection_swap,swap,2,reflection_swap,swap::001
swap_2_shadow_swap,swap,2,shadow_swap,swap::001
swap_3_lightdir_swap,swap,3,lightdir_swap,swap::001
swap_3_reflection_swap,swap,3,reflection_swap,swap::001
swap_3_shadow_swap,swap,3,shadow_swap,swap::001
swap_4_lightdir_swap,swap,4,lightdir_swap,swap::002
swap_4_reflection_swap,swap,4,reflection_swap,swap::002
swap_4_shadow_swap,swap,4,shadow_swap,swap::002
swap_5_lightdir_swap,swap,5,lightdir_swap,swap::002
swap_5_reflection_swap,swap,5,reflection_swap,swap::002
swap_5_shadow_swap,swap,5,shadow_swap,swap::002
swap_6_lightdir_swap,swap,6,lightdir_swap,swap::003
swap_6_reflection_swap,swap,6,reflection_swap,swap::003
swap_6_shadow_swap,swap,6,shadow_swap,swap::003
swap_7_lightdir_swap,swap,7,lightdir_swap,swap::003
swap_7_reflection_swap,swap,7,reflection_swap,swap::003
swap_7_shadow_swap,swap,7,shadow_swap,swap::003
swap_8_lightdir_swap,swap,8,lightdir_swap,swap::004
swap_8_reflection_swap,swap,8,reflection_swap,swap::004
swap_8_shadow_swap,swap,8,shadow_swap,swap::004
swap_9_lightdir_swap,swap,9,lightdir_swap,swap::004
swap_9_reflection_swap,swap,9,reflection_swap,swap::004
swap_9_shadow_swap,swap,9,shadow_swap,swap::004
swap_10_lightdir_swap,swap,10,lightdir_swap,swap::005
swap_10_reflection_swap,swap,10,reflection_swap,swap::005
swap_10_shadow_swap,swap,10,shadow_swap,swap::005
swap_11_lightdir_swap,swap,11,lightdir_swap,swap::005
swap_11_reflection_swap,swap,11,reflection_swap,swap::005
swap_11_shadow_swap,swap,11,shadow_swap,swap::005
swap_12_lightdir_swap,swap,12,lightdir_swap,swap::006
swap_12_reflection_swap,swap,12,reflection_swap,swap::006
swap_12_shadow_swap,swap,12,shadow_swap,swap::006
swap_13_lightdir_swap,swap,13,lightdir_swap,swap::006
swap_13_reflection_swap,swap,13,reflection_swap,swap::006
swap_13_shadow_swap,swap,13,shadow_swap,swap::006
swap_14_lightdir_swap,swap,14,lightdir_swap,swap::007
swap_14_reflection_swap,swap,14,reflection_swap,swap::007
swap_14_shadow_swap,swap,14,shadow_swap,swap::007
swap_15_lightdir_swap,swap,15,lightdir_swap,swap::007
swap_15_reflection_swap,swap,15,reflection_swap,swap::007
swap_15_shadow_swap,swap,15,shadow_swap,swap::007
swap_16_lightdir_swap,swap,16,lightdir_swap,swap::008
swap_16_reflection_swap,swap,16,reflection_swap,swap::008
swap_16_shadow_swap,swap,16,shadow_swap,swap::008
swap_17_lightdir_swap,swap,17,lightdir_swap,swap::008
swap_17_reflection_swap,swap,17,reflection_swap,swap::008
swap_17_shadow_swap,swap,17,shadow_swap,swap::008
swap_18_lightdir_swap,swap,18,lightdir_swap,swap::009
swap_18_reflection_swap,swap,18,reflection_swap,swap::009
swap_18_shadow_swap,swap,18,shadow_swap,swap::009
swap_19_lightdir_swap,swap,19,lightdir_swap,swap::009
swap_19_reflection_swap,swap,19,reflection_swap,swap::009
swap_19_shadow_swap,swap,19,shadow_swap,swap::009
swap_20_lightdir_swap,swap,20,lightdir_swap,swap::010
swap_20_reflection_swap,swap,20,reflection_swap,swap::010
swap_20_shadow_swap,swap,20,shadow_swap,swap::010
swap_21_lightdir_swap,swap,21,lightdir_swap,swap::010
swap_21_reflection_swap,swap,21,reflection_swap,swap::010
swap_21_shadow_swap,swap,21,shadow_swap,swap::010
swap_22_lightdir_swap,swap,22,lightdir_swap,swap::011
swap_22_reflection_swap,swap,22,reflection_swap,swap::011
swap_22_shadow_swap,swap,22,shadow_swap,swap::011
swap_23_lightdir_swap,swap,23,lightdir_swap,swap::011
swap_23_reflection_swap,swap,23,reflection_swap,swap::011
swap_23_shadow_swap,swap,23,shadow_swap,swap::011
swap_24_lightdir_swap,swap,24,lightdir_swap,swap::012
swap_24_reflection_swap,swap,24,reflection_swap,swap::012
swap_24_shadow_swap,swap,24,shadow_swap,swap::012
swap_25_lightdir_swap,swap,25,lightdir_swap,swap::012
swap_25_reflection_swap,swap,25,reflection_swap,swap::012
swap_25_shadow_swap,swap,25,shadow_swap,swap::012
swap_26_lightdir_swap,swap,26,lightdir_swap,swap::013
swap_26_reflection_swap,swap,26,reflection_swap,swap::013
swap_26_shadow_swap,swap,26,shadow_swap,swap::013
swap_27_lightdir_swap,swap,27,lightdir_swap,swap::013
swap_27_reflection_swap,swap,27,reflection_swap,swap::013
swap_27_shadow_swap,swap,27,shadow_swap,swap::013
swap_28_lightdir_swap,swap,28,lightdir_swap,swap::014
swap_28_reflection_swap,swap,28,reflection_swap,swap::014
swap_28_shadow_swap,swap,28,shadow_swap,swap::014
swap_29_lightdir_swap,swap,29,lightdir_swap,swap::014
swap_29_reflection_swap,swap,29,reflection_swap,swap::014
swap_29_shadow_swap,swap,29,shadow_swap,swap::014
swap_30_lightdir_swap,swap,30,lightdir_swap,swap::015
swap_30_reflection_swap,swap,30,reflection_swap,swap::015
swap_30_shadow_swap,swap,30,shadow_swap,swap::015
swap_31_lightdir_swap,swap,31,lightdir_swap,swap::015
swap_31_reflection_swap,swap,31,reflection_swap,swap::015
swap_31_shadow_swap,swap,31,shadow_swap,swap::015
swap_32_lightdir_swap,swap,32,lightdir_swap,swap::016
swap_32_reflection_swap,swap,32,reflection_swap,swap::016
swap_32_shadow_swap,swap,32,shadow_swap,swap::016
swap_33_lightdir_swap,swap,33,lightdir_swap,swap::016
swap_33_reflection_swap,swap,33,reflection_swap,swap::016
swap_33_shadow_swap,swap,33,shadow_swap,swap::016
swap_34_lightdir_swap,swap,34,lightdir_swap,swap::017
swap_34_reflection_swap,swap,34,reflection_swap,swap::017
swap_34_shadow_swap,swap,34,shadow_swap,swap::017
swap_35_lightdir_swap,swap,35,lightdir_swap,swap::017
swap_35_reflection_swap,swap,35,reflection_swap,swap::017
swap_35_shadow_swap,swap,35,shadow_swap,swap::017
swap_36_lightdir_swap,swap,36,lightdir_swap,swap::018
swap_36_reflection_swap,swap,36,reflection_swap,swap::018
swap_36_shadow_swap,swap,36,shadow_swap,swap::018
swap_37_lightdir_swap,swap,37,lightdir_swap,swap::018
swap_37_reflection_swap,swap,37,reflection_swap,swap::018
swap_37_shadow_swap,swap,37,shadow_swap,swap::018
swap_38_lightdir_swap,swap,38,lightdir_swap,swap::019
swap_38_reflection_swap,swap,38,reflection_swap,swap::019
swap_38_shadow_swap,swap,38,shadow_swap,swap::019
swap_39_lightdir_swap,swap,39,lightdir_swap,swap::019
swap_39_reflection_swap,swap,39,reflection_swap,swap::019
swap_39_shadow_swap,swap,39,shadow_swap,swap::019
swap_40_lightdir_swap,swap,40,lightdir_swap,swap::020
swap_40_reflection_swap,swap,40,reflection_swap,swap::020
swap_40_shadow_swap,swap,40,shadow_swap,swap::020
swap_41_lightdir_swap,swap,41,lightdir_swap,swap::020
swap_41_reflection_swap,swap,41,reflection_swap,swap::020
swap_41_shadow_swap,swap,41,shadow_swap,swap::020
swap_42_lightdir_swap,swap,42,lightdir_swap,swap::021
swap_42_reflection_swap,swap,42,reflection_swap,swap::021
swap_42_shadow_swap,swap,42,shadow_swap,swap::021
swap_43_lightdir_swap,swap,43,lightdir_swap,swap::021
swap_43_reflection_swap,swap,43,reflection_swap,swap::021
swap_43_shadow_swap,swap,43,shadow_swap,swap::021
swap_44_lightdir_swap,swap,44,lightdir_swap,swap::022
swap_44_reflection_swap,swap,44,reflection_swap,swap::022
swap_44_shadow_swap,swap,44,shadow_swap,swap::022
swap_45_lightdir_swap,swap,45,lightdir_swap,swap::022
swap_45_reflection_swap,swap,45,reflection_swap,swap::022
swap_45_shadow_swap,swap,45,shadow_swap,swap::022
swap_46_lightdir_swap,swap,46,lightdir_swap,swap::023
swap_46_reflection_swap,swap,46,reflection_swap,swap::023
swap_46_shadow_swap,swap,46,shadow_swap,swap::023
swap_47_lightdir_swap,swap,47,lightdir_swap,swap::023
swap_47_reflection_swap,swap,47,reflection_swap,swap::023
swap_47_shadow_swap,swap,47,shadow_swap,swap::023
swap_48_lightdir_swap,swap,48,lightdir_swap,swap::024
swap_48_reflection_swap,swap,48,reflection_swap,swap::024
swap_48_shadow_swap,swap,48,shadow_swap,swap::024
swap_49_lightdir_swap,swap,49,lightdir_swap,swap::024
swap_49_reflection_swap,swap,49,reflection_swap,swap::024
swap_49_shadow_swap,swap,49,shadow_swap,swap::024
swap_50_lightdir_swap,swap,50,lightdir_swap,swap::025
swap_50_reflection_swap,swap,50,reflection_swap,swap::025
swap_50_shadow_swap,swap,50,shadow_swap,swap::025
swap_51_lightdir_swap,swap,51,lightdir_swap,swap::025
swap_51_reflection_swap,swap,51,reflection_swap,swap::025
swap_51_shadow_swap,swap,51,shadow_swap,swap::025
swap_52_lightdir_swap,swap,52,lightdir_swap,swap::026
swap_52_reflection_swap,swap,52,reflection_swap,swap::026
swap_52_shadow_swap,swap,52,shadow_swap,swap::026
swap_53_lightdir_swap,swap,53,lightdir_swap,swap::026
swap_53_reflection_swap,swap,53,reflection_swap,swap::026
swap_53_shadow_swap,swap,53,shadow_swap,swap::026
swap_54_lightdir_swap,swap,54,lightdir_swap,swap::027
swap_54_reflection_swap,swap,54,reflection_swap,swap::027
swap_54_shadow_swap,swap,54,shadow_swap,swap::027
swap_55_lightdir_swap,swap,55,lightdir_swap,swap::027
swap_55_reflection_swap,swap,55,reflection_swap,swap::027
swap_55_shadow_swap,swap,55,shadow_swap,swap::027
swap_56_lightdir_swap,swap,56,lightdir_swap,swap::028
swap_56_reflection_swap,swap,56,reflection_swap,swap::028
swap_56_shadow_swap,swap,56,shadow_swap,swap::028
swap_57_lightdir_swap,swap,57,lightdir_swap,swap::028
swap_57_reflection_swap,swap,57,reflection_swap,swap::028
swap_57_shadow_swap,swap,57,shadow_swap,swap::028
swap_58_lightdir_swap,swap,58,lightdir_swap,swap::029
swap_58_reflection_swap,swap,58,reflection_swap,swap::029
swap_58_shadow_swap,swap,58,shadow_swap,swap::029
swap_59_lightdir_swap,swap,59,lightdir_swap,swap::029
swap_59_reflection_swap,swap,59,reflection_swap,swap::029
swap_59_shadow_swap,swap,59,shadow_swap,swap::029
swap_60_lightdir_swap,swap,60,lightdir_swap,swap::030
swap_60_reflection_swap,swap,60,reflection_swap,swap::030
swap_60_shadow_swap,swap,60,shadow_swap,swap::030
swap_61_lightdir_swap,swap,61,lightdir_swap,swap::030
swap_61_reflection_swap,swap,61,reflection_swap,swap::030
swap_61_shadow_swap,swap,61,shadow_swap,swap::030
swap_62_lightdir_swap,swap,62,lightdir_swap,swap::031
swap_62_reflection_swap,swap,62,reflection_swap,swap::031
swap_62_shadow_swap,swap,62,shadow_swap,swap::031
swap_63_lightdir_swap,swap,63,lightdir_swap,swap::031
swap_63_reflection_swap,swap,63,reflection_swap,swap::031
swap_63_shadow_swap,swap,63,shadow_swap,swap::031
swap_64_lightdir_swap,swap,64,lightdir_swap,swap::032
swap_64_reflection_swap,swap,64,reflection_swap,swap::032
swap_64_shadow_swap,swap,64,shadow_swap,swap::032
swap_65_lightdir_swap,swap,65,lightdir_swap,swap::032
swap_65_reflection_swap,swap,65,reflection_swap,swap::032
swap_65_shadow_swap,swap,65,shadow_swap,swap::032
swap_66_lightdir_swap,swap,66,lightdir_swap,swap::033
swap_66_reflection_swap,swap,66,reflection_swap,swap::033
swap_66_shadow_swap,swap,66,shadow_swap,swap::033
swap_67_lightdir_swap,swap,67,lightdir_swap,swap::033
swap_67_reflection_swap,swap,67,reflection_swap,swap::033
swap_67_shadow_swap,swap,67,shadow_swap,swap::033
swap_68_lightdir_swap,swap,68,lightdir_swap,swap::034
swap_68_reflection_swap,swap,68,reflection_swap,swap::034
swap_68_shadow_swap,swap,68,shadow_swap,swap::034
swap_69_lightdir_swap,swap,69,lightdir_swap,swap::034
swap_69_reflection_swap,swap,69,reflection_swap,swap::034
swap_69_shadow_swap,swap,69,shadow_swap,swap::034
swap_70_lightdir_swap,swap,70,lightdir_swap,swap::035
swap_70_reflection_swap,swap,70,reflection_swap,swap::035
swap_70_shadow_swap,swap,70,shadow_swap,swap::035
swap_71_lightdir_swap,swap,71,lightdir_swap,swap::035
swap_71_reflection_swap,swap,71,reflection_swap,swap::035
swap_71_shadow_swap,swap,71,shadow_swap,swap::035
swap_72_lightdir_swap,swap,72,lightdir_swap,swap::036
swap_72_reflection_swap,swap,72,reflection_swap,swap::036
swap_72_shadow_swap,swap,72,shadow_swap,swap::036
swap_73_lightdir_swap,swap,73,lightdir_swap,swap::036
swap_73_reflection_swap,swap,73,reflection_swap,swap::036
swap_73_shadow_swap,swap,73,shadow_swap,swap::036
swap_74_lightdir_swap,swap,74,lightdir_swap,swap::037
swap_74_reflection_swap,swap,74,reflection_swap,swap::037
swap_74_shadow_swap,swap,74,shadow_swap,swap::037
swap_75_lightdir_swap,swap,75,lightdir_swap,swap::037
swap_75_reflection_swap,swap,75,reflection_swap,swap::037
swap_75_shadow_swap,swap,75,shadow_swap,swap::037
swap_76_lightdir_swap,swap,76,lightdir_swap,swap::038
swap_76_reflection_swap,swap,76,reflection_swap,swap::038
swap_76_shadow_swap,swap,76,shadow_swap,swap::038
swap_77_lightdir_swap,swap,77,lightdir_swap,swap::038
swap_77_reflection_swap,swap,77,reflection_swap,swap::038
swap_77_shadow_swap,swap,77,shadow_swap,swap::038
swap_78_lightdir_swap,swap,78,lightdir_swap,swap::039
swap_78_reflection_swap,swap,78,reflection_swap,swap::039
swap_78_shadow_swap,swap,78,shadow_swap,swap::039
swap_79_lightdir_swap,swap,79,lightdir_swap,swap::039
swap_79_reflection_swap,swap,79,reflection_swap,swap::039
swap_79_shadow_swap,swap,79,shadow_swap,swap::039
swap_80_lightdir_swap,swap,80,lightdir_swap,swap::040
swap_80_reflection_swap,swap,80,reflection_swap,swap::040
swap_80_shadow_swap,swap,80,shadow_swap,swap::040
swap_81_lightdir_swap,swap,81,lightdir_swap,swap::040
swap_81_reflection_swap,swap,81,reflection_swap,swap::040
swap_81_shadow_swap,swap,81,shadow_swap,swap::040
swap_82_lightdir_swap,swap,82,lightdir_swap,swap::041
swap_82_reflection_swap,swap,82,reflection_swap,swap::041
swap_82_shadow_swap,swap,82,shadow_swap,swap::041
swap_83_lightdir_swap,swap,83,lightdir_swap,swap::041
swap_83_reflection_swap,swap,83,reflection_swap,swap::041
swap_83_shadow_swap,swap,83,shadow_swap,swap::041
swap_84_lightdir_swap,swap,84,lightdir_swap,swap::042
swap_84_reflection_swap,swap,84,reflection_swap,swap::042
swap_84_shadow_swap,swap,84,shadow_swap,swap::042
swap_85_lightdir_swap,swap,85,lightdir_swap,swap::042
swap_85_reflection_swap,swap,85,reflection_swap,swap::042
swap_85_shadow_swap,swap,85,shadow_swap,swap::042
swap_86_lightdir_swap,swap,86,lightdir_swap,swap::043
swap_86_reflection_swap,swap,86,reflection_swap,swap::043
swap_86_shadow_swap,swap,86,shadow_swap,swap::043
swap_87_lightdir_swap,swap,87,lightdir_swap,swap::043
swap_87_reflection_swap,swap,87,reflection_swap,swap::043
swap_87_shadow_swap,swap,87,shadow_swap,swap::043
swap_88_lightdir_swap,swap,88,lightdir_swap,swap::044
swap_88_reflection_swap,swap,88,reflection_swap,swap::044
swap_88_shadow_swap,swap,88,shadow_swap,swap::044
swap_89_lightdir_swap,swap,89,lightdir_swap,swap::044
swap_89_reflection_swap,swap,89,reflection_swap,swap::044
swap_89_shadow_swap,swap,89,shadow_swap,swap::044
swap_90_lightdir_swap,swap,90,lightdir_swap,swap::045
swap_90_reflection_swap,swap,90,reflection_swap,swap::045
swap_90_shadow_swap,swap,90,shadow_swap,swap::045
swap_91_lightdir_swap,swap,91,lightdir_swap,swap::045
swap_91_reflection_swap,swap,91,reflection_swap,swap::045
swap_91_shadow_swap,swap,91,shadow_swap,swap::045
swap_92_lightdir_swap,swap,92,lightdir_swap,swap::046
swap_92_reflection_swap,swap,92,reflection_swap,swap::046
swap_92_shadow_swap,swap,92,shadow_swap,swap::046
swap_93_lightdir_swap,swap,93,lightdir_swap,swap::046
swap_93_reflection_swap,swap,93,reflection_swap,swap::046
swap_93_shadow_swap,swap,93,shadow_swap,swap::046
swap_94_lightdir_swap,swap,94,lightdir_swap,swap::047
swap_94_reflection_swap,swap,94,reflection_swap,swap::047
swap_94_shadow_swap,swap,94,shadow_swap,swap::047
swap_95_lightdir_swap,swap,95,lightdir_swap,swap::047
swap_95_reflection_swap,swap,95,reflection_swap,swap::047
swap_95_shadow_swap,swap,95,shadow_swap,swap::047
