pair_id,condition,original,modified
thatcher_0_inv,inv,stimuli_thatcher/0/original_inv.png,stimuli_thatcher/0/modified_inv.png
thatcher_0_str,str,stimuli_thatcher/0/original_str.png,stimuli_thatcher/0/modified_str.png
thatcher_1_inv,inv,stimuli_thatcher/1/original_inv.png,stimuli_thatcher/1/modified_inv.png
thatcher_1_str,str,stimuli_thatcher/1/original_str.png,stimuli_thatcher/1/modified_str.png
thatcher_2_inv,inv,stimuli_thatcher/2/original_inv.png,stimuli_thatcher/2/modified_inv.png
thatcher_2_str,str,stimuli_thatcher/2/original_str.png,stimuli_thatcher/2/modified_str.png
thatcher_3_inv,inv,stimuli_thatcher/3/original_inv.png,stimuli_thatcher/3/modified_inv.png
thatcher_3_str,str,stimuli_thatcher/3/original_str.png,stimuli_thatcher/3/modified_str.png
thatcher_4_inv,inv,stimuli_thatcher/4/original_inv.png,stimuli_thatcher/4/modified_inv.png
thatcher_4_str,str,stimuli_thatcher/4/original_str.png,stimuli_thatcher/4/modified_str.png
thatcher_5_inv,inv,stimuli_thatcher/5/original_inv.png,stimuli_thatcher/5/modified_inv.png
thatcher_5_str,str,stimuli_thatcher/5/original_str.png,stimuli_thatcher/5/modified_str.png
thatcher_6_inv,inv,stimuli_thatcher/6/original_inv.png,stimuli_thatcher/6/modified_inv.png
thatcher_6_str,str,stimuli_thatcher/6/original_str.png,stimuli_thatcher/6/modified_str.png
thatcher_7_inv,inv,stimuli_thatcher/7/original_inv.png,stimuli_thatcher/7/modified_inv.png
thatcher_7_str,str,stimuli_thatcher/7/original_str.png,stimuli_thatcher/7/modified_str.png
thatcher_8_inv,inv,stimuli_thatcher/8/original_inv.png,stimuli_thatcher/8/modified_inv.png
thatcher_8_str,str,stimuli_thatcher/8/original_str.png,stimuli_thatcher/8/modified_str.png
thatcher_9_inv,inv,stimuli_thatcher/9/original_inv.png,stimuli_thatcher/9/modified_inv.png
thatcher_9_str,str,stimuli_thatcher/9/original_str.png,stimuli_thatcher/9/modified_str.png
thatcher_10_inv,inv,stimuli_thatcher/10/original_inv.png,stimuli_thatcher/10/modified_inv.png
thatcher_10_str,str,stimuli_thatcher/10/original_str.png,stimuli_thatcher/10/modified_str.png
thatcher_11_inv,inv,stimuli_thatcher/11/original_inv.png,stimuli_thatcher/11/modified_inv.png
thatcher_11_str,str,stimuli_thatcher/11/original_str.png,stimuli_thatcher/11/modified_str.png
thatcher_12_inv,inv,stimuli_thatcher/12/original_inv.png,stimuli_thatcher/12/modified_inv.png
thatcher_12_str,str,stimuli_thatcher/12/original_str.png,stimuli_thatcher/12/modified_str.png
thatcher_13_inv,inv,stimuli_thatcher/13/original_inv.png,stimuli_thatcher/13/modified_inv.png
thatcher_13_str,str,stimuli_thatcher/13/original_str.png,stimuli_thatcher/13/modified_str.png
thatcher_14_inv,inv,stimuli_thatcher/14/original_inv.png,stimuli_thatcher/14/modified_inv.png
thatcher_14_str,str,stimuli_thatcher/14/original_str.png,stimuli_thatcher/14/modified_str.png
thatcher_15_inv,inv,stimuli_thatcher/15/original_inv.png,stimuli_thatcher/15/modified_inv.png
thatcher_15_str,str,stimuli_thatcher/15/original_str.png,stimuli_thatcher/15/modified_str.png
thatcher_16_inv,inv,stimuli_thatcher/16/original_inv.png,stimuli_thatcher/16/modified_inv.png
thatcher_16_str,str,stimuli_thatcher/16/original_str.png,stimuli_thatcher/16/modified_str.png
thatcher_17_inv,inv,stimuli_thatcher/17/original_inv.png,stimuli_thatcher/17/modified_inv.png
thatcher_17_str,str,stimuli_thatcher/17/original_str.png,stimuli_thatcher/17/modified_str.png
thatcher_18_inv,inv,stimuli_thatcher/18/original_inv.png,stimuli_thatcher/18/modified_inv.png
thatcher_18_str,str,stimuli_thatcher/18/original_str.png,stimuli_thatcher/18/modified_str.png
thatcher_19_inv,inv,stimuli_thatcher/19/original_inv.png,stimuli_thatcher/19/modified_inv.png
thatcher_19_str,str,stimuli_thatcher/19/original_str.png,stimuli_thatcher/19/modified_str.png
thatcher_20_inv,inv,stimuli_thatcher/20/original_inv.png,stimuli_thatcher/20/modified_inv.png
thatcher_20_str,str,stimuli_thatcher/20/original_str.png,stimuli_thatcher/20/modified_str.png
thatcher_21_inv,inv,stimuli_thatcher/21/original_inv.png,stimuli_thatcher/21/modified_inv.png
thatcher_21_str,str,stimuli_thatcher/21/original_str.png,stimuli_thatcher/21/modified_str.png
thatcher_22_inv,inv,stimuli_thatcher/22/original_inv.png,stimuli_thatcher/22/modified_inv.png
thatcher_22_str,str,stimuli_thatcher/22/original_str.png,stimuli_thatcher/22/modified_str.png
thatcher_23_inv,inv,stimuli_thatcher/23/original_inv.png,stimuli_thatcher/23/modified_inv.png
thatcher_23_str,str,stimuli_thatcher/23/original_str.png,stimuli_thatcher/23/modified_str.png
thatcher_24_inv,inv,stimuli_thatcher/24/original_inv.png,stimuli_thatcher/24/modified_inv.png
thatcher_24_str,str,stimuli_thatcher/24/original_str.png,stimuli_thatcher/24/modified_str.png
thatcher_25_inv,inv,stimuli_thatcher/25/original_inv.png,stimuli_thatcher/25/modified_inv.png
thatcher_25_str,str,stimuli_thatcher/25/original_str.png,stimuli_thatcher/25/modified_str.png
thatcher_26_inv,inv,stimuli_thatcher/26/original_inv.png,stimuli_thatcher/26/modified_inv.png
thatcher_26_str,str,stimuli_thatcher/26/original_str.png,stimuli_thatcher/26/modified_str.png
thatcher_27_inv,inv,stimuli_thatcher/27/original_inv.png,stimuli_thatcher/27/modified_inv.png
thatcher_27_str,str,stimuli_thatcher/27/original_str.png,stimuli_thatcher/27/modified_str.png
thatcher_28_inv,inv,stimuli_thatcher/28/original_inv.png,stimuli_thatcher/28/modified_inv.png
thatcher_28_str,str,stimuli_thatcher/28/original_str.png,stimuli_thatcher/28/modified_str.png
thatcher_29_inv,inv,stimuli_thatcher/29/original_inv.png,stimuli_thatcher/29/modified_inv.png
thatcher_29_str,str,stimuli_thatcher/29/original_str.png,stimuli_thatcher/29/modified_str.png
thatcher_30_inv,inv,stimuli_thatcher/30/original_inv.png,stimuli_thatcher/30/modified_inv.png
thatcher_30_str,str,stimuli_thatcher/30/original_str.png,stimuli_thatcher/30/modified_str.png
thatcher_31_inv,inv,stimuli_thatcher/31/original_inv.png,stimuli_thatcher/31/modified_inv.png
thatcher_31_str,str,stimuli_thatcher/31/original_str.png,stimuli_thatcher/31/modified_str.png
thatcher_32_inv,inv,stimuli_thatcher/32/original_inv.png,stimuli_thatcher/32/modified_inv.png
thatcher_32_str,str,stimuli_thatcher/32/original_str.png,stimuli_thatcher/32/modified_str.png
thatcher_33_inv,inv,stimuli_thatcher/33/original_inv.png,stimuli_thatcher/33/modified_inv.png
thatcher_33_str,str,stimuli_thatcher/33/original_str.png,stimuli_thatcher/33/modified_str.png
thatcher_34_inv,inv,stimuli_thatcher/34/original_inv.png,stimuli_thatcher/34/modified_inv.png
thatcher_34_str,str,stimuli_thatcher/34/original_str.png,stimuli_thatcher/34/modified_str.png
thatcher_35_inv,inv,stimuli_thatcher/35/original_inv.png,stimuli_thatcher/35/modified_inv.png
thatcher_35_str,str,stimuli_thatcher/35/original_str.png,stimuli_thatcher/35/modified_str.png
thatcher_36_inv,inv,stimuli_thatcher/36/original_inv.png,stimuli_thatcher/36/modified_inv.png
thatcher_36_str,str,stimuli_thatcher/36/original_str.png,stimuli_thatcher/36/modified_str.png
thatcher_37_inv,inv,stimuli_thatcher/37/original_inv.png,stimuli_thatcher/37/modified_inv.png
thatcher_37_str,str,stimuli_thatcher/37/original_str.png,stimuli_thatcher/37/modified_str.png
thatcher_38_inv,inv,stimuli_thatcher/38/original_inv.png,stimuli_thatcher/38/modified_inv.png
thatcher_38_str,str,stimuli_thatcher/38/original_str.png,stimuli_thatcher/38/modified_str.png
thatcher_39_inv,inv,stimuli_thatcher/39/original_inv.png,stimuli_thatcher/39/modified_inv.png
thatcher_39_str,str,stimuli_thatcher/39/original_str.png,stimuli_thatcher/39/modified_str.png
thatcher_40_inv,inv,stimuli_thatcher/40/original_inv.png,stimuli_thatcher/40/modified_inv.png
thatcher_40_str,str,stimuli_thatcher/40/original_str.png,stimuli_thatcher/40/modified_str.png
thatcher_41_inv,inv,stimuli_thatcher/41/original_inv.png,stimuli_thatcher/41/modified_inv.png
thatcher_41_str,str,stimuli_thatcher/41/original_str.png,stimuli_thatcher/41/modified_str.png
thatcher_42_inv,inv,stimuli_thatcher/42/original_inv.png,stimuli_thatcher/42/modified_inv.png
thatcher_42_str,str,stimuli_thatcher/42/original_str.png,stimuli_thatcher/42/modified_str.png
thatcher_43_inv,inv,stimuli_thatcher/43/original_inv.png,stimuli_thatcher/43/modified_inv.png
thatcher_43_str,str,stimuli_thatcher/43/original_str.png,stimuli_thatcher/43/modified_str.png
thatcher_44_inv,inv,stimuli_thatcher/44/original_inv.png,stimuli_thatcher/44/modified_inv.png
thatcher_44_str,str,stimuli_thatcher/44/original_str.png,stimuli_thatcher/44/modified_str.png
thatcher_45_inv,inv,stimuli_thatcher/45/original_inv.png,stimuli_thatcher/45/modified_inv.png
thatcher_45_str,str,stimuli_thatcher/45/original_str.png,stimuli_thatcher/45/modified_str.png
thatcher_46_inv,inv,stimuli_thatcher/46/original_inv.png,stimuli_thatcher/46/modified_inv.png
thatcher_46_str,str,stimuli_thatcher/46/original_str.png,stimuli_thatcher/46/modified_str.png
thatcher_47_inv,inv,stimuli_thatcher/47/original_inv.png,stimuli_thatcher/47/modified_inv.png
thatcher_47_str,str,stimuli_thatcher/47/original_str.png,stimuli_thatcher/47/modified_str.png
thatcher_48_inv,inv,stimuli_thatcher/48/original_inv.png,stimuli_thatcher/48/modified_inv.png
thatcher_48_str,str,stimuli_thatcher/48/original_str.png,stimuli_thatcher/48/modified_str.png
thatcher_49_inv,inv,stimuli_thatcher/49/original_inv.png,stimuli_thatcher/49/modified_inv.png
thatcher_49_str,str,stimuli_thatcher/49/original_str.png,stimuli_thatcher/49/modified_str.png
thatcher_50_inv,inv,stimuli_thatcher/50/original_inv.png,stimuli_thatcher/50/modified_inv.png
thatcher_50_str,str,stimuli_thatcher/50/original_str.png,stimuli_thatcher/50/modified_str.png
thatcher_51_inv,inv,stimuli_thatcher/51/original_inv.png,stimuli_thatcher/51/modified_inv.png
thatcher_51_str,str,stimuli_thatcher/51/original_str.png,stimuli_thatcher/51/modified_str.png
thatcher_52_inv,inv,stimuli_thatcher/52/original_inv.png,stimuli_thatcher/52/modified_inv.png
thatcher_52_str,str,stimuli_thatcher/52/original_str.png,stimuli_thatcher/52/modified_str.png
thatcher_53_inv,inv,stimuli_thatcher/53/original_inv.png,stimuli_thatcher/53/modified_inv.png
thatcher_53_str,str,stimuli_thatcher/53/original_str.png,stimuli_thatcher/53/modified_str.png
thatcher_54_inv,inv,stimuli_thatcher/54/original_inv.png,stimuli_thatcher/54/modified_inv.png
thatcher_54_str,str,stimuli_thatcher/54/original_str.png,stimuli_thatcher/54/modified_str.png
thatcher_55_inv,inv,stimuli_thatcher/55/original_inv.png,stimuli_thatcher/55/modified_inv.png
thatcher_55_str,str,stimuli_thatcher/55/original_str.png,stimuli_thatcher/55/modified_str.png
thatcher_56_inv,inv,stimuli_thatcher/56/original_inv.png,stimuli_thatcher/56/modified_inv.png
thatcher_56_str,str,stimuli_thatcher/56/original_str.png,stimuli_thatcher/56/modified_str.png
thatcher_57_inv,inv,stimuli_thatcher/57/original_inv.png,stimuli_thatcher/57/modified_inv.png
thatcher_57_str,str,stimuli_thatcher/57/original_str.png,stimuli_thatcher/57/modified_str.png
thatcher_58_inv,inv,stimuli_thatcher/58/original_inv.png,stimuli_thatcher/58/modified_inv.png
thatcher_58_str,str,stimuli_thatcher/58/original_str.png,stimuli_thatcher/58/modified_str.png
thatcher_59_inv,inv,stimuli_thatcher/59/original_inv.png,stimuli_thatcher/59/modified_inv.png
thatcher_59_str,str,stimuli_thatcher/59/original_str.png,stimuli_thatcher/59/modified_str.png
thatcher_60_inv,inv,stimuli_thatcher/60/original_inv.png,stimuli_thatcher/60/modified_inv.png
thatcher_60_str,str,stimuli_thatcher/60/original_str.png,stimuli_thatcher/60/modified_str.png
thatcher_61_inv,inv,stimuli_thatcher/61/original_inv.png,stimuli_thatcher/61/modified_inv.png
thatcher_61_str,str,stimuli_thatcher/61/original_str.png,stimuli_thatcher/61/modified_str.png
thatcher_62_inv,inv,stimuli_thatcher/62/original_inv.png,stimuli_thatcher/62/modified_inv.png
thatcher_62_str,str,stimuli_thatcher/62/original_str.png,stimuli_thatcher/62/modified_str.png
thatcher_63_inv,inv,stimuli_thatcher/63/original_inv.png,stimuli_thatcher/63/modified_inv.png
thatcher_63_str,str,stimuli_thatcher/63/original_str.png,stimuli_thatcher/63/modified_str.png
thatcher_64_inv,inv,stimuli_thatcher/64/original_inv.png,stimuli_thatcher/64/modified_inv.png
thatcher_64_str,str,stimuli_thatcher/64/original_str.png,stimuli_thatcher/64/modified_str.png
thatcher_65_inv,inv,stimuli_thatcher/65/original_inv.png,stimuli_thatcher/65/modified_inv.png
thatcher_65_str,str,stimuli_thatcher/65/original_str.png,stimuli_thatcher/65/modified_str.png
thatcher_66_inv,inv,stimuli_thatcher/66/original_inv.png,stimuli_thatcher/66/modified_inv.png
thatcher_66_str,str,stimuli_thatcher/66/original_str.png,stimuli_thatcher/66/modified_str.png
thatcher_67_inv,inv,stimuli_thatcher/67/original_inv.png,stimuli_thatcher/67/modified_inv.png
thatcher_67_str,str,stimuli_thatcher/67/original_str.png,stimuli_thatcher/67/modified_str.png
thatcher_68_inv,inv,stimuli_thatcher/68/original_inv.png,stimuli_thatcher/68/modified_inv.png
thatcher_68_str,str,stimuli_thatcher/68/original_str.png,stimuli_thatcher/68/modified_str.png
thatcher_69_inv,inv,stimuli_thatcher/69/original_inv.png,stimuli_thatcher/69/modified_inv.png
thatcher_69_str,str,stimuli_thatcher/69/original_str.png,stimuli_thatcher/69/modified_str.png
thatcher_70_inv,inv,stimuli_thatcher/70/original_inv.png,stimuli_thatcher/70/modified_inv.png
thatcher_70_str,str,stimuli_thatcher/70/original_str.png,stimuli_thatcher/70/modified_str.png
thatcher_71_inv,inv,stimuli_thatcher/71/original_inv.png,stimuli_thatcher/71/modified_inv.png
thatcher_71_str,str,stimuli_thatcher/71/original_str.png,stimuli_thatcher/71/modified_str.png
thatcher_72_inv,inv,stimuli_thatcher/72/original_inv.png,stimuli_thatcher/72/modified_inv.png
thatcher_72_str,str,stimuli_thatcher/72/original_str.png,stimuli_thatcher/72/modified_str.png
thatcher_73_inv,inv,stimuli_thatcher/73/original_inv.png,stimuli_thatcher/73/modified_inv.png
thatcher_73_str,str,stimuli_thatcher/73/original_str.png,stimuli_thatcher/73/modified_str.png
thatcher_74_inv,inv,stimuli_thatcher/74/original_inv.png,stimuli_thatcher/74/modified_inv.png
thatcher_74_str,str,stimuli_thatcher/74/original_str.png,stimuli_thatcher/74/modified_str.png
thatcher_75_inv,inv,stimuli_thatcher/75/original_inv.png,stimuli_thatcher/75/modified_inv.png
thatcher_75_str,str,stimuli_thatcher/75/original_str.png,stimuli_thatcher/75/modified_str.png
thatcher_76_inv,inv,stimuli_thatcher/76/original_inv.png,stimuli_thatcher/76/modified_inv.png
thatcher_76_str,str,stimuli_thatcher/76/original_str.png,stimuli_thatcher/76/modified_str.png
thatcher_77_inv,inv,stimuli_thatcher/77/original_inv.png,stimuli_thatcher/77/modified_inv.png
thatcher_77_str,str,stimuli_thatcher/77/original_str.png,stimuli_thatcher/77/modified_str.png
thatcher_78_inv,inv,stimuli_thatcher/78/original_inv.png,stimuli_thatcher/78/modified_inv.png
thatcher_78_str,str,stimuli_thatcher/78/original_str.png,stimuli_thatcher/78/modified_str.png
thatcher_79_inv,inv,stimuli_thatcher/79/original_inv.png,stimuli_thatcher/79/modified_inv.png
thatcher_79_str,str,stimuli_thatcher/79/original_str.png,stimuli_thatcher/79/modified_str.png
thatcher_80_inv,inv,stimuli_thatcher/80/original_inv.png,stimuli_thatcher/80/modified_inv.png
thatcher_80_str,str,stimuli_thatcher/80/original_str.png,stimuli_thatcher/80/modified_str.png
thatcher_81_inv,inv,stimuli_thatcher/81/original_inv.png,stimuli_thatcher/81/modified_inv.png
thatcher_81_str,str,stimuli_thatcher/81/original_str.png,stimuli_thatcher/81/modified_str.png
thatcher_82_inv,inv,stimuli_thatcher/82/original_inv.png,stimuli_thatcher/82/modified_inv.png
thatcher_82_str,str,stimuli_thatcher/82/original_str.png,stimuli_thatcher/82/modified_str.png
thatcher_83_inv,inv,stimuli_thatcher/83/original_inv.png,stimuli_thatcher/83/modified_inv.png
thatcher_83_str,str,stimuli_thatcher/83/original_str.png,stimuli_thatcher/83/modified_str.png
thatcher_84_inv,inv,stimuli_thatcher/84/original_inv.png,stimuli_thatcher/84/modified_inv.png
thatcher_84_str,str,stimuli_thatcher/84/original_str.png,stimuli_thatcher/84/modified_str.png
thatcher_85_inv,inv,stimuli_thatcher/85/original_inv.png,stimuli_thatcher/85/modified_inv.png
thatcher_85_str,str,stimuli_thatcher/85/original_str.png,stimuli_thatcher/85/modified_str.png
thatcher_86_inv,inv,stimuli_thatcher/86/original_inv.png,stimuli_thatcher/86/modified_inv.png
thatcher_86_str,str,stimuli_thatcher/86/original_str.png,stimuli_thatcher/86/modified_str.png
thatcher_87_inv,inv,stimuli_thatcher/87/original_inv.png,stimuli_thatcher/87/modified_inv.png
thatcher_87_str,str,stimuli_thatcher/87/original_str.png,stimuli_thatcher/87/modified_str.png
thatcher_88_inv,inv,stimuli_thatcher/88/original_inv.png,stimuli_thatcher/88/modified_inv.png
thatcher_88_str,str,stimuli_thatcher/88/original_str.png,stimuli_thatcher/88/modified_str.png
thatcher_89_inv,inv,stimuli_thatcher/89/original_inv.png,stimuli_thatcher/89/modified_inv.png
thatcher_89_str,str,stimuli_thatcher/89/original_str.png,stimuli_thatcher/89/modified_str.png
thatcher_90_inv,inv,stimuli_thatcher/90/original_inv.png,stimuli_thatcher/90/modified_inv.png
thatcher_90_str,str,stimuli_thatcher/90/original_str.png,stimuli_thatcher/90/modified_str.png
thatcher_91_inv,inv,stimuli_thatcher/91/original_inv.png,stimuli_thatcher/91/modified_inv.png
thatcher_91_str,str,stimuli_thatcher/91/original_str.png,stimuli_thatcher/91/modified_str.png
thatcher_92_inv,inv,stimuli_thatcher/92/original_inv.png,stimuli_thatcher/92/modified_inv.png
thatcher_92_str,str,stimuli_thatcher/92/original_str.png,stimuli_thatcher/92/modified_str.png
thatcher_93_inv,inv,stimuli_thatcher/93/original_inv.png,stimuli_thatcher/93/modified_inv.png
thatcher_93_str,str,stimuli_thatcher/93/original_str.png,stimuli_thatcher/93/modified_str.png
thatcher_94_inv,inv,stimuli_thatcher/94/original_inv.png,stimuli_thatcher/94/modified_inv.png
thatcher_94_str,str,stimuli_thatcher/94/original_str.png,stimuli_thatcher/94/modified_str.png
thatcher_95_inv,inv,stimuli_thatcher/95/original_inv.png,stimuli_thatcher/95/modified_inv.png
thatcher_95_str,str,stimuli_thatcher/95/original_str.png,stimuli_thatcher/95/modified_str.png
thatcher_96_inv,inv,stimuli_thatcher/96/original_inv.png,stimuli_thatcher/96/modified_inv.png
thatcher_96_str,str,stimuli_thatcher/96/original_str.png,stimuli_thatcher/96/modified_str.png
thatcher_97_inv,inv,stimuli_thatcher/97/original_inv.png,stimuli_thatcher/97/modified_inv.png
thatcher_97_str,str,stimuli_thatcher/97/original_str.png,stimuli_thatcher/97/modified_str.png
thatcher_98_inv,inv,stimuli_thatcher/98/original_inv.png,stimuli_thatcher/98/modified_inv.png
thatcher_98_str,str,stimuli_thatcher/98/original_str.png,stimuli_thatcher/98/modified_str.png
thatcher_99_inv,inv,stimuli_thatcher/99/original_inv.png,stimuli_thatcher/99/modified_inv.png
thatcher_99_str,str,stimuli_thatcher/99/original_str.png,stimuli_thatcher/99/modified_str.png
thatcher_100_inv,inv,stimuli_thatcher/100/original_inv.png,stimuli_thatcher/100/modified_inv.png
thatcher_100_str,str,stimuli_thatcher/100/original_str.png,stimuli_thatcher/100/modified_str.png
thatcher_101_inv,inv,stimuli_thatcher/101/original_inv.png,stimuli_thatcher/101/modified_inv.png
thatcher_101_str,str,stimuli_thatcher/101/original_str.png,stimuli_thatcher/101/modified_str.png
thatcher_102_inv,inv,stimuli_thatcher/102/original_inv.png,stimuli_thatcher/102/modified_inv.png
thatcher_102_str,str,stimuli_thatcher/102/original_str.png,stimuli_thatcher/102/modified_str.png
thatcher_103_inv,inv,stimuli_thatcher/103/original_inv.png,stimuli_thatcher/103/modified_inv.png
thatcher_103_str,str,stimuli_thatcher/103/original_str.png,stimuli_thatcher/103/modified_str.png
thatcher_104_inv,inv,stimuli_thatcher/104/original_inv.png,stimuli_thatcher/104/modified_inv.png
thatcher_104_str,str,stimuli_thatcher/104/original_str.png,stimuli_thatcher/104/modified_str.png
thatcher_105_inv,inv,stimuli_thatcher/105/original_inv.png,stimuli_thatcher/105/modified_inv.png
thatcher_105_str,str,stimuli_thatcher/105/original_str.png,stimuli_thatcher/105/modified_str.png
thatcher_106_inv,inv,stimuli_thatcher/106/original_inv.png,stimuli_thatcher/106/modified_inv.png
thatcher_106_str,str,stimuli_thatcher/106/original_str.png,stimuli_thatcher/106/modified_str.png
thatcher_107_inv,inv,stimuli_thatcher/107/original_inv.png,stimuli_thatcher/107/modified_inv.png
thatcher_107_str,str,stimuli_thatcher/107/original_str.png,stimuli_thatcher/107/modified_str.png
thatcher_108_inv,inv,stimuli_thatcher/108/original_inv.png,stimuli_thatcher/108/modified_inv.png
thatcher_108_str,str,stimuli_thatcher/108/original_str.png,stimuli_thatcher/108/modified_str.png
thatcher_109_inv,inv,stimuli_thatcher/109/original_inv.png,stimuli_thatcher/109/modified_inv.png
thatcher_109_str,str,stimuli_thatcher/109/original_str.png,stimuli_thatcher/109/modified_str.png
thatcher_110_inv,inv,stimuli_thatcher/110/original_inv.png,stimuli_thatcher/110/modified_inv.png
thatcher_110_str,str,stimuli_thatcher/110/original_str.png,stimuli_thatcher/110/modified_str.png
thatcher_111_inv,inv,stimuli_thatcher/111/original_inv.png,stimuli_thatcher/111/modified_inv.png
thatcher_111_str,str,stimuli_thatcher/111/original_str.png,stimuli_thatcher/111/modified_str.png
thatcher_112_inv,inv,stimuli_thatcher/112/original_inv.png,stimuli_thatcher/112/modified_inv.png
thatcher_112_str,str,stimuli_thatcher/112/original_str.png,stimuli_thatcher/112/modified_str.png
thatcher_113_inv,inv,stimuli_thatcher/113/original_inv.png,stimuli_thatcher/113/modified_inv.png
thatcher_113_str,str,stimuli_thatcher/113/original_str.png,stimuli_thatcher/113/modified_str.png
thatcher_114_inv,inv,stimuli_thatcher/114/original_inv.png,stimuli_thatcher/114/modified_inv.png
thatcher_114_str,str,stimuli_thatcher/114/original_str.png,stimuli_thatcher/114/modified_str.png
thatcher_115_inv,inv,stimuli_thatcher/115/original_inv.png,stimuli_thatcher/115/modified_inv.png
thatcher_115_str,str,stimuli_thatcher/115/original_str.png,stimuli_thatcher/115/modified_str.png
thatcher_116_inv,inv,stimuli_thatcher/116/original_inv.png,stimuli_thatcher/116/modified_inv.png
thatcher_116_str,str,stimuli_thatcher/116/original_str.png,stimuli_thatcher/116/modified_str.png
thatcher_117_inv,inv,stimuli_thatcher/117/original_inv.png,stimuli_thatcher/117/modified_inv.png
thatcher_117_str,str,stimuli_thatcher/117/original_str.png,stimuli_thatcher/117/modified_str.png
thatcher_118_inv,inv,stimuli_thatcher/118/original_inv.png,stimuli_thatcher/118/modified_inv.png
thatcher_118_str,str,stimuli_thatcher/118/original_str.png,stimuli_thatcher/118/modified_str.png
thatcher_119_inv,inv,stimuli_thatcher/119/original_inv.png,stimuli_thatcher/119/modified_inv.png
thatcher_119_str,str,stimuli_thatcher/119/original_str.png,stimuli_thatcher/119/modified_str.png
thatcher_120_inv,inv,stimuli_thatcher/120/original_inv.png,stimuli_thatcher/120/modified_inv.png
thatcher_120_str,str,stimuli_thatcher/120/original_str.png,stimuli_thatcher/120/modified_str.png
thatcher_121_inv,inv,stimuli_thatcher/121/original_inv.png,stimuli_thatcher/121/modified_inv.png
thatcher_121_str,str,stimuli_thatcher/121/original_str.png,stimuli_thatcher/121/modified_str.png
thatcher_122_inv,inv,stimuli_thatcher/122/original_inv.png,stimuli_thatcher/122/modified_inv.png
thatcher_122_str,str,stimuli_thatcher/122/original_str.png,stimuli_thatcher/122/modified_str.png
thatcher_123_inv,inv,stimuli_thatcher/123/original_inv.png,stimuli_thatcher/123/modified_inv.png
thatcher_123_str,str,stimuli_thatcher/123/original_str.png,stimuli_thatcher/123/modified_str.png
thatcher_124_inv,inv,stimuli_thatcher/124/original_inv.png,stimuli_thatcher/124/modified_inv.png
thatcher_124_str,str,stimuli_thatcher/124/original_str.png,stimuli_thatcher/124/modified_str.png
thatcher_125_inv,inv,stimuli_thatcher/125/original_inv.png,stimuli_thatcher/125/modified_inv.png
thatcher_125_str,str,stimuli_thatcher/125/original_str.png,stimuli_thatcher/125/modified_str.png
thatcher_126_inv,inv,stimuli_thatcher/126/original_inv.png,stimuli_thatcher/126/modified_inv.png
thatcher_126_str,str,stimuli_thatcher/126/original_str.png,stimuli_thatcher/126/modified_str.png
thatcher_127_inv,inv,stimuli_thatcher/127/original_inv.png,stimuli_thatcher/127/modified_inv.png
thatcher_127_str,str,stimuli_thatcher/127/original_str.png,stimuli_thatcher/127/modified_str.png
thatcher_128_inv,inv,stimuli_thatcher/128/original_inv.png,stimuli_thatcher/128/modified_inv.png
thatcher_128_str,str,stimuli_thatcher/128/original_str.png,stimuli_thatcher/128/modified_str.png
thatcher_129_inv,inv,stimuli_thatcher/129/original_inv.png,stimuli_thatcher/129/modified_inv.png
thatcher_129_str,str,stimuli_thatcher/129/original_str.png,stimuli_thatcher/129/modified_str.png
thatcher_130_inv,inv,stimuli_thatcher/130/original_inv.png,stimuli_thatcher/130/modified_inv.png
thatcher_130_str,str,stimuli_thatcher/130/original_str.png,stimuli_thatcher/130/modified_str.png
thatcher_131_inv,inv,stimuli_thatcher/131/original_inv.png,stimuli_thatcher/131/modified_inv.png
thatcher_131_str,str,stimuli_thatcher/131/original_str.png,stimuli_thatcher/131/modified_str.png
thatcher_132_inv,inv,stimuli_thatcher/132/original_inv.png,stimuli_thatcher/132/modified_inv.png
thatcher_132_str,str,stimuli_thatcher/132/original_str.png,stimuli_thatcher/132/modified_str.png
thatcher_133_inv,inv,stimuli_thatcher/133/original_inv.png,stimuli_thatcher/133/modified_inv.png
thatcher_133_str,str,stimuli_thatcher/133/original_str.png,stimuli_thatcher/133/modified_str.png
thatcher_134_inv,inv,stimuli_thatcher/134/original_inv.png,stimuli_thatcher/134/modified_inv.png
thatcher_134_str,str,stimuli_thatcher/134/original_str.png,stimuli_thatcher/134/modified_str.png
thatcher_135_inv,inv,stimuli_thatcher/135/original_inv.png,stimuli_thatcher/135/modified_inv.png
thatcher_135_str,str,stimuli_thatcher/135/original_str.png,stimuli_thatcher/135/modified_str.png
thatcher_136_inv,inv,stimuli_thatcher/136/original_inv.png,stimuli_thatcher/136/modified_inv.png
thatcher_136_str,str,stimuli_thatcher/136/original_str.png,stimuli_thatcher/136/modified_str.png
thatcher_137_inv,inv,stimuli_thatcher/137/original_inv.png,stimuli_thatcher/137/modified_inv.png
thatcher_137_str,str,stimuli_thatcher/137/original_str.png,stimuli_thatcher/137/modified_str.png
thatcher_138_inv,inv,stimuli_thatcher/138/original_inv.png,stimuli_thatcher/138/modified_inv.png
thatcher_138_str,str,stimuli_thatcher/138/original_str.png,stimuli_thatcher/138/modified_str.png
thatcher_139_inv,inv,stimuli_thatcher/139/original_inv.png,stimuli_thatcher/139/modified_inv.png
thatcher_139_str,str,stimuli_thatcher/139/original_str.png,stimuli_thatcher/139/modified_str.png
swap_0_lightdir_swap,lightdir_swap,stimuli_shadow_reflection_lightdir/lightdir_swap/0/original_rgb.png,stimuli_shadow_reflection_lightdir/lightdir_swap/0/modified_rgb.png
swap_0_reflection_swap,reflection_swap,stimuli_shadow_reflection_lightdir/reflection_swap/0/original_rgb.png,stimuli_shadow_reflection_lightdir/reflection_swap/0/modified_rgb.png
swap_0_shadow_swap,shadow_swap,stimuli_shadow_reflection_lightdir/shadow_swap/0/original_rgb.png,stimuli_shadow_reflection_lightdir/shadow_swap/0/modified_rgb.png
swap_1_lightdir_swap,lightdir_swap,stimuli_shadow_reflection_lightdir/lightdir_swap/1/original_rgb.png,stimuli_shadow_reflection_lightdir/lightdir_swap/1/modified_rgb.png
swap_1_reflection_swap,reflection_swap,stimuli_shadow_reflection_lightdir/reflection_swap/1/original_rgb.png,stimuli_shadow_reflection_lightdir/reflection_swap/1/modified_rgb.png
swap_1_shadow_swap,shadow_swap,stimuli_shadow_reflection_lightdir/shadow_swap/1/original_rgb.png,stimuli_shadow_reflection_lightdir/shadow_swap/1/modified_rgb.png
swap_2_lightdir_swap,lightdir_swap,stimuli_shadow_reflection_lightdir/lightdir_swap/2/original_rgb.png,stimuli_shadow_reflection_lightdir/lightdir_swap/2/modified_rgb.png
swap_2_reflection_swap,reflection_swap,stimuli_shadow_reflection_lightdir/reflection_swap/2/original_rgb.png,stimuli_shadow_reflection_lightdir/reflection_swap/2/modified_rgb.png
swap_2_shadow_swap,shadow_swap,stimuli_shadow_reflection_lightdir/shadow_swap/2/original_rgb.png,stimuli_shadow_reflection_lightdir/shadow_swap/2/modified_rgb.png
swap_3_lightdir_swap,lightdir_swap,stimuli_shadow_reflection_lightdir/lightdir_swap/3/original_rgb.png,stimuli_shadow_reflection_lightdir/lightdir_swap/3/modified_rgb.png
swap_3_reflection_swap,reflection_swap,stimuli_shadow_reflection_lightdir/reflection_swap/3/original_rgb.png,stimuli_shadow_reflection_lightdir/reflection_swap/3/modified_rgb.png
swap_3_shadow_swap,shadow_swap,stimuli_shadow_reflection_lightdir/shadow_swap/3/original_rgb.png,stimuli_shadow_reflection_lightdir/shadow_swap/3/modified_rgb.png
swap_4_lightdir_swap,lightdir_swap,stimuli_shadow_reflection_lightdir/lightdir_swap/4/original_rgb.png,stimuli_shadow_reflection_lightdir/lightdir_swap/4/modified_rgb.png
swap_4_reflection_swap,reflection_swap,stimuli_shadow_reflection_lightdir/reflection_swap/4/original_rgb.png,stimuli_shadow_reflection_lightdir/reflection_swap/4/modified_rgb.png
swap_4_shadow_swap,shadow_swap,stimuli_shadow_reflection_lightdir/shadow_swap/4/original_rgb.png,stimuli_shadow_reflection_lightdir/shadow_swap/4/modified_rgb.png
swap_5_lightdir_swap,lightdir_swap,stimuli_shadow_reflection_lightdir/lightdir_swap/5/original_rgb.png,stimuli_shadow_reflection_lightdir/lightdir_swap/5/modified_rgb.png
swap_5_reflection_swap,reflection_swap,stimuli_shadow_reflection_lightdir/reflection_swap/5/original_rgb.png,stimuli_shadow_reflection_lightdir/reflection_swap/5/modified_rgb.png
swap_5_shadow_swap,shadow_swap,stimuli_shadow_reflection_lightdir/shadow_swap/5/original_rgb.png,stimuli_shadow_reflection_lightdir/shadow_swap/5/modified_rgb.png
swap_6_lightdir_swap,lightdir_swap,stimuli_shadow_reflection_lightdir/lightdir_swap/6/original_rgb.png,stimuli_shadow_reflection_lightdir/lightdir_swap/6/modified_rgb.png
swap_6_reflection_swap,reflection_swap,stimuli_shadow_reflection_lightdir/reflection_swap/6/original_rgb.png,stimuli_shadow_reflection_lightdir/reflection_swap/6/modified_rgb.png
swap_6_shadow_swap,shadow_swap,stimuli_shadow_reflection_lightdir/shadow_swap/6/original_rgb.png,stimuli_shadow_reflection_lightdir/shadow_swap/6/modified_rgb.png
swap_7_lightdir_swap,lightdir_swap,stimuli_shadow_reflection_lightdir/lightdir_swap/7/original_rgb.png,stimuli_shadow_reflection_lightdir/lightdir_swap/7/modified_rgb.png
swap_7_reflection_swap,reflection_swap,stimuli_shadow_reflection_lightdir/reflection_swap/7/original_rgb.png,stimuli_shadow_reflection_lightdir/reflection_swap/7/modified_rgb.png
swap_7_shadow_swap,shadow_swap,stimuli_shadow_reflection_lightdir/shadow_swap/7/original_rgb.png,stimuli_shadow_reflection_lightdir/shadow_swap/7/modified_rgb.png
swap_8_lightdir_swap,lightdir_swap,stimuli_shadow_reflection_lightdir/lightdir_swap/8/original_rgb.png,stimuli_shadow_reflection_lightdir/lightdir_swap/8/modified_rgb.png
swap_8_reflection_swap,reflection_swap,stimuli_shadow_reflection_lightdir/reflection_swap/8/original_rgb.png,stimuli_shadow_reflection_lightdir/reflection_swap/8/modified_rgb.png
swap_8_shadow_swap,shadow_swap,stimuli_shadow_reflection_lightdir/shadow_swap/8/original_rgb.png,stimuli_shadow_reflection_lightdir/shadow_swap/8/modified_rgb.png
swap_9_lightdir_swap,lightdir_swap,stimuli_shadow_reflection_lightdir/lightdir_swap/9/original_rgb.png,stimuli_shadow_reflection_lightdir/lightdir_swap/9/modified_rgb.png
swap_9_reflection_swap,reflection_swap,stimuli_shadow_reflection_lightdir/reflection_swap/9/original_rgb.png,stimuli_shadow_reflection_lightdir/reflection_swap/9/modified_rgb.png
swap_9_shadow_swap,shadow_swap,stimuli_shadow_reflection_lightdir/shadow_swap/9/original_rgb.png,stimuli_shadow_reflection_lightdir/shadow_swap/9/modified_rgb.png
swap_10_lightdir_swap,lightdir_swap,stimuli_shadow_reflection_lightdir/lightdir_swap/10/original_rgb.png,stimuli_shadow_reflection_lightdir/lightdir_swap/10/modified_rgb.png
swap_10_reflection_swap,reflection_swap,stimuli_shadow_reflection_lightdir/reflection_swap/10/original_rgb.png,stimuli_shadow_reflection_lightdir/reflection_swap/10/modified_rgb.png
swap_10_shadow_swap,shadow_swap,stimuli_shadow_reflection_lightdir/shadow_swap/10/original_rgb.png,stimuli_shadow_reflection_lightdir/shadow_swap/10/modified_rgb.png
swap_11_lightdir_swap,lightdir_swap,stimuli_shadow_reflection_lightdir/lightdir_swap/11/original_rgb.png,stimuli_shadow_reflection_lightdir/lightdir_swap/11/modified_rgb.png
swap_11_reflection_swap,reflection_swap,stimuli_shadow_reflection_lightdir/reflection_swap/11/original_rgb.png,stimuli_shadow_reflection_lightdir/reflection_swap/11/modified_rgb.png
swap_11_shadow_swap,shadow_swap,stimuli_shadow_reflection_lightdir/shadow_swap/11/original_rgb.png,stimuli_shadow_reflection_lightdir/shadow_swap/11/modified_rgb.png
swap_12_lightdir_swap,lightdir_swap,stimuli_shadow_reflection_lightdir/lightdir_swap/12/original_rgb.png,stimuli_shadow_reflection_lightdir/lightdir_swap/12/modified_rgb.png
swap_12_reflection_swap,reflection_swap,stimuli_shadow_reflection_lightdir/reflection_swap/12/original_rgb.png,stimuli_shadow_reflection_lightdir/reflection_swap/12/modified_rgb.png
swap_12_shadow_swap,shadow_swap,stimuli_shadow_reflection_lightdir/shadow_swap/12/original_rgb.png,stimuli_shadow_reflection_lightdir/shadow_swap/12/modified_rgb.png
swap_13_lightdir_swap,lightdir_swap,stimuli_shadow_reflection_lightdir/lightdir_swap/13/original_rgb.png,stimuli_shadow_reflection_lightdir/lightdir_swap/13/modified_rgb.png
swap_13_reflection_swap,reflection_swap,stimuli_shadow_reflection_lightdir/reflection_swap/13/original_rgb.png,stimuli_shadow_reflection_lightdir/reflection_swap/13/modified_rgb.png
swap_13_shadow_swap,shadow_swap,stimuli_shadow_reflection_lightdir/shadow_swap/13/original_rgb.png,stimuli_shadow_reflection_lightdir/shadow_swap/13/modified_rgb.png
swap_14_lightdir_swap,lightdir_swap,stimuli_shadow_reflection_lightdir/lightdir_swap/14/original_rgb.png,stimuli_shadow_reflection_lightdir/lightdir_swap/14/modified_rgb.png
swap_14_reflection_swap,reflection_swap,stimuli_shadow_reflection_lightdir/reflection_swap/14/original_rgb.png,stimuli_shadow_reflection_lightdir/reflection_swap/14/modified_rgb.png
swap_14_shadow_swap,shadow_swap,stimuli_shadow_reflection_lightdir/shadow_swap/14/original_rgb.png,stimuli_shadow_reflection_lightdir/shadow_swap/14/modified_rgb.png
swap_15_lightdir_swap,lightdir_swap,stimuli_shadow_reflection_lightdir/lightdir_swap/15/original_rgb.png,stimuli_shadow_reflection_lightdir/lightdir_swap/15/modified_rgb.png
swap_15_reflection_swap,reflection_swap,stimuli_shadow_reflection_lightdir/reflection_swap/15/original_rgb.png,stimuli_shadow_reflection_lightdir/reflection_swap/15/modified_rgb.png
swap_15_shadow_swap,shadow_swap,stimuli_shadow_reflection_lightdir/shadow_swap/15/original_rgb.png,stimuli_shadow_reflection_lightdir/shadow_swap/15/modified_rgb.png
swap_16_lightdir_swap,lightdir_swap,stimuli_shadow_reflection_lightdir/lightdir_swap/16/original_rgb.png,stimuli_shadow_reflection_lightdir/lightdir_swap/16/modified_rgb.png
swap_16_reflection_swap,reflection_swap,stimuli_shadow_reflection_lightdir/reflection_swap/16/original_rgb.png,stimuli_shadow_reflection_lightdir/reflection_swap/16/modified_rgb.png
swap_16_shadow_swap,shadow_swap,stimuli_shadow_reflection_lightdir/shadow_swap/16/original_rgb.png,stimuli_shadow_reflection_lightdir/shadow_swap/16/modified_rgb.png
swap_17_lightdir_swap,lightdir_swap,stimuli_shadow_reflection_lightdir/lightdir_swap/17/original_rgb.png,stimuli_shadow_reflection_lightdir/lightdir_swap/17/modified_rgb.png
swap_17_reflection_swap,reflection_swap,stimuli_shadow_reflection_lightdir/reflection_swap/17/original_rgb.png,stimuli_shadow_reflection_lightdir/reflection_swap/17/modified_rgb.png
swap_17_shadow_swap,shadow_swap,stimuli_shadow_reflection_lightdir/shadow_swap/17/original_rgb.png,stimuli_shadow_reflection_lightdir/shadow_swap/17/modified_rgb.png
swap_18_lightdir_swap,lightdir_swap,stimuli_shadow_reflection_lightdir/lightdir_swap/18/original_rgb.png,stimuli_shadow_reflection_lightdir/lightdir_swap/18/modified_rgb.png
swap_18_reflection_swap,reflection_swap,stimuli_shadow_reflection_lightdir/reflection_swap/18/original_rgb.png,stimuli_shadow_reflection_lightdir/reflection_swap/18/modified_rgb.png
swap_18_shadow_swap,shadow_swap,stimuli_shadow_reflection_lightdir/shadow_swap/18/original_rgb.png,stimuli_shadow_reflection_lightdir/shadow_swap/18/modified_rgb.png
swap_19_lightdir_swap,lightdir_swap,stimuli_shadow_reflection_lightdir/lightdir_swap/19/original_rgb.png,stimuli_shadow_reflection_lightdir/lightdir_swap/19/modified_rgb.png
swap_19_reflection_swap,reflection_swap,stimuli_shadow_reflection_lightdir/reflection_swap/19/original_rgb.png,stimuli_shadow_reflection_lightdir/reflection_swap/19/modified_rgb.png
swap_19_shadow_swap,shadow_swap,stimuli_shadow_reflection_lightdir/shadow_swap/19/original_rgb.png,stimuli_shadow_reflection_lightdir/shadow_swap/19/modified_rgb.png
swap_20_lightdir_swap,lightdir_swap,stimuli_shadow_reflection_lightdir/lightdir_swap/20/original_rgb.png,stimuli_shadow_reflection_lightdir/lightdir_swap/20/modified_rgb.png
swap_20_reflection_swap,reflection_swap,stimuli_shadow_reflection_lightdir/reflection_swap/20/original_rgb.png,stimuli_shadow_reflection_lightdir/reflection_swap/20/modified_rgb.png
swap_20_shadow_swap,shadow_swap,stimuli_shadow_reflection_lightdir/shadow_swap/20/original_rgb.png,stimuli_shadow_reflection_lightdir/shadow_swap/20/modified_rgb.png
swap_21_lightdir_swap,lightdir_swap,stimuli_shadow_reflection_lightdir/lightdir_swap/21/original_rgb.png,stimuli_shadow_reflection_lightdir/lightdir_swap/21/modified_rgb.png
swap_21_reflection_swap,reflection_swap,stimuli_shadow_reflection_lightdir/reflection_swap/21/original_rgb.png,stimuli_shadow_reflection_lightdir/reflection_swap/21/modified_rgb.png
swap_21_shadow_swap,shadow_swap,stimuli_shadow_reflection_lightdir/shadow_swap/21/original_rgb.png,stimuli_shadow_reflection_lightdir/shadow_swap/21/modified_rgb.png
swap_22_lightdir_swap,lightdir_swap,stimuli_shadow_reflection_lightdir/lightdir_swap/22/original_rgb.png,stimuli_shadow_reflection_lightdir/lightdir_swap/22/modified_rgb.png
swap_22_reflection_swap,reflection_swap,stimuli_shadow_reflection_lightdir/reflection_swap/22/original_rgb.png,stimuli_shadow_reflection_lightdir/reflection_swap/22/modified_rgb.png
swap_22_shadow_swap,shadow_swap,stimuli_shadow_reflection_lightdir/shadow_swap/22/original_rgb.png,stimuli_shadow_reflection_lightdir/shadow_swap/22/modified_rgb.png
swap_23_lightdir_swap,lightdir_swap,stimuli_shadow_reflection_lightdir/lightdir_swap/23/original_rgb.png,stimuli_shadow_reflection_lightdir/lightdir_swap/23/modified_rgb.png
swap_23_reflection_swap,reflection_swap,stimuli_shadow_reflection_lightdir/reflection_swap/23/original_rgb.png,stimuli_shadow_reflection_lightdir/reflection_swap/23/modified_rgb.png
swap_23_shadow_swap,shadow_swap,stimuli_shadow_reflection_lightdir/shadow_swap/23/original_rgb.png,stimuli_shadow_reflection_lightdir/shadow_swap/23/modified_rgb.png
swap_24_lightdir_swap,lightdir_swap,stimuli_shadow_reflection_lightdir/lightdir_swap/24/original_rgb.png,stimuli_shadow_reflection_lightdir/lightdir_swap/24/modified_rgb.png
swap_24_reflection_swap,reflection_swap,stimuli_shadow_reflection_lightdir/reflection_swap/24/original_rgb.png,stimuli_shadow_reflection_lightdir/reflection_swap/24/modified_rgb.png
swap_24_shadow_swap,shadow_swap,stimuli_shadow_reflection_lightdir/shadow_swap/24/original_rgb.png,stimuli_shadow_reflection_lightdir/shadow_swap/24/modified_rgb.png
swap_25_lightdir_swap,lightdir_swap,stimuli_shadow_reflection_lightdir/lightdir_swap/25/original_rgb.png,stimuli_shadow_reflection_lightdir/lightdir_swap/25/modified_rgb.png
swap_25_reflection_swap,reflection_swap,stimuli_shadow_reflection_lightdir/reflection_swap/25/original_rgb.png,stimuli_shadow_reflection_lightdir/reflection_swap/25/modified_rgb.png
swap_25_shadow_swap,shadow_swap,stimuli_shadow_reflection_lightdir/shadow_swap/25/original_rgb.png,stimuli_shadow_reflection_lightdir/shadow_swap/25/modified_rgb.png
swap_26_lightdir_swap,lightdir_swap,stimuli_shadow_reflection_lightdir/lightdir_swap/26/original_rgb.png,stimuli_shadow_reflection_lightdir/lightdir_swap/26/modified_rgb.png
swap_26_reflection_swap,reflection_swap,stimuli_shadow_reflection_lightdir/reflection_swap/26/original_rgb.png,stimuli_shadow_reflection_lightdir/reflection_swap/26/modified_rgb.png
swap_26_shadow_swap,shadow_swap,stimuli_shadow_reflection_lightdir/shadow_swap/26/original_rgb.png,stimuli_shadow_reflection_lightdir/shadow_swap/26/modified_rgb.png
swap_27_lightdir_swap,lightdir_swap,stimuli_shadow_reflection_lightdir/lightdir_swap/27/original_rgb.png,stimuli_shadow_reflection_lightdir/lightdir_swap/27/modified_rgb.png
swap_27_reflection_swap,reflection_swap,stimuli_shadow_reflection_lightdir/reflection_swap/27/original_rgb.png,stimuli_shadow_reflection_lightdir/reflection_swap/27/modified_rgb.png
swap_27_shadow_swap,shadow_swap,stimuli_shadow_reflection_lightdir/shadow_swap/27/original_rgb.png,stimuli_shadow_reflection_lightdir/shadow_swap/27/modified_rgb.png
swap_28_lightdir_swap,lightdir_swap,stimuli_shadow_reflection_lightdir/lightdir_swap/28/original_rgb.png,stimuli_shadow_reflection_lightdir/lightdir_swap/28/modified_rgb.png
swap_28_reflection_swap,reflection_swap,stimuli_shadow_reflection_lightdir/reflection_swap/28/original_rgb.png,stimuli_shadow_reflection_lightdir/reflection_swap/28/modified_rgb.png
swap_28_shadow_swap,shadow_swap,stimuli_shadow_reflection_lightdir/shadow_swap/28/original_rgb.png,stimuli_shadow_reflection_lightdir/shadow_swap/28/modified_rgb.png
swap_29_lightdir_swap,lightdir_swap,stimuli_shadow_reflection_lightdir/lightdir_swap/29/original_rgb.png,stimuli_shadow_reflection_lightdir/lightdir_swap/29/modified_rgb.png
swap_29_reflection_swap,reflection_swap,stimuli_shadow_reflection_lightdir/reflection_swap/29/original_rgb.png,stimuli_shadow_reflection_lightdir/reflection_swap/29/modified_rgb.png
swap_29_shadow_swap,shadow_swap,stimuli_shadow_reflection_lightdir/shadow_swap/29/original_rgb.png,stimuli_shadow_reflection_lightdir/shadow_swap/29/modified_rgb.png
swap_30_lightdir_swap,lightdir_swap,stimuli_shadow_reflection_lightdir/lightdir_swap/30/original_rgb.png,stimuli_shadow_reflection_lightdir/lightdir_swap/30/modified_rgb.png
swap_30_reflection_swap,reflection_swap,stimuli_shadow_reflection_lightdir/reflection_swap/30/original_rgb.png,stimuli_shadow_reflection_lightdir/reflection_swap/30/modified_rgb.png
swap_30_shadow_swap,shadow_swap,stimuli_shadow_reflection_lightdir/shadow_swap/30/original_rgb.png,stimuli_shadow_reflection_lightdir/shadow_swap/30/modified_rgb.png
swap_31_lightdir_swap,lightdir_swap,stimuli_shadow_reflection_lightdir/lightdir_swap/31/original_rgb.png,stimuli_shadow_reflection_lightdir/lightdir_swap/31/modified_rgb.png
swap_31_reflection_swap,reflection_swap,stimuli_shadow_reflection_lightdir/reflection_swap/31/original_rgb.png,stimuli_shadow_reflection_lightdir/reflection_swap/31/modified_rgb.png
swap_31_shadow_swap,shadow_swap,stimuli_shadow_reflection_lightdir/shadow_swap/31/original_rgb.png,stimuli_shadow_reflection_lightdir/shadow_swap/31/modified_rgb.png
swap_32_lightdir_swap,lightdir_swap,stimuli_shadow_reflection_lightdir/lightdir_swap/32/original_rgb.png,stimuli_shadow_reflection_lightdir/lightdir_swap/32/modified_rgb.png
swap_32_reflection_swap,reflection_swap,stimuli_shadow_reflection_lightdir/reflection_swap/32/original_rgb.png,stimuli_shadow_reflection_lightdir/reflection_swap/32/modified_rgb.png
swap_32_shadow_swap,shadow_swap,stimuli_shadow_reflection_lightdir/shadow_swap/32/original_rgb.png,stimuli_shadow_reflection_lightdir/shadow_swap/32/modified_rgb.png
swap_33_lightdir_swap,lightdir_swap,stimuli_shadow_reflection_lightdir/lightdir_swap/33/original_rgb.png,stimuli_shadow_reflection_lightdir/lightdir_swap/33/modified_rgb.png
swap_33_reflection_swap,reflection_swap,stimuli_shadow_reflection_lightdir/reflection_swap/33/original_rgb.png,stimuli_shadow_reflection_lightdir/reflection_swap/33/modified_rgb.png
swap_33_shadow_swap,shadow_swap,stimuli_shadow_reflection_lightdir/shadow_swap/33/original_rgb.png,stimuli_shadow_reflection_lightdir/shadow_swap/33/modified_rgb.png
swap_34_lightdir_swap,lightdir_swap,stimuli_shadow_reflection_lightdir/lightdir_swap/34/original_rgb.png,stimuli_shadow_reflection_lightdir/lightdir_swap/34/modified_rgb.png
swap_34_reflection_swap,reflection_swap,stimuli_shadow_reflection_lightdir/reflection_swap/34/original_rgb.png,stimuli_shadow_reflection_lightdir/reflection_swap/34/modified_rgb.png
swap_34_shadow_swap,shadow_swap,stimuli_shadow_reflection_lightdir/shadow_swap/34/original_rgb.png,stimuli_shadow_reflection_lightdir/shadow_swap/34/modified_rgb.png
swap_35_lightdir_swap,lightdir_swap,stimuli_shadow_reflection_lightdir/lightdir_swap/35/original_rgb.png,stimuli_shadow_reflection_lightdir/lightdir_swap/35/modified_rgb.png
swap_35_reflection_swap,reflection_swap,stimuli_shadow_reflection_lightdir/reflection_swap/35/original_rgb.png,stimuli_shadow_reflection_lightdir/reflection_swap/35/modified_rgb.png
swap_35_shadow_swap,shadow_swap,stimuli_shadow_reflection_lightdir/shadow_swap/35/original_rgb.png,stimuli_shadow_reflection_lightdir/shadow_swap/35/modified_rgb.png
swap_36_lightdir_swap,lightdir_swap,stimuli_shadow_reflection_lightdir/lightdir_swap/36/original_rgb.png,stimuli_shadow_reflection_lightdir/lightdir_swap/36/modified_rgb.png
swap_36_reflection_swap,reflection_swap,stimuli_shadow_reflection_lightdir/reflection_swap/36/original_rgb.png,stimuli_shadow_reflection_lightdir/reflection_swap/36/modified_rgb.png
swap_36_shadow_swap,shadow_swap,stimuli_shadow_reflection_lightdir/shadow_swap/36/original_rgb.png,stimuli_shadow_reflection_lightdir/shadow_swap/36/modified_rgb.png
swap_37_lightdir_swap,lightdir_swap,stimuli_shadow_reflection_lightdir/lightdir_swap/37/original_rgb.png,stimuli_shadow_reflection_lightdir/lightdir_swap/37/modified_rgb.png
swap_37_reflection_swap,reflection_swap,stimuli_shadow_reflection_lightdir/reflection_swap/37/original_rgb.png,stimuli_shadow_reflection_lightdir/reflection_swap/37/modified_rgb.png
swap_37_shadow_swap,shadow_swap,stimuli_shadow_reflection_lightdir/shadow_swap/37/original_rgb.png,stimuli_shadow_reflection_lightdir/shadow_swap/37/modified_rgb.png
swap_38_lightdir_swap,lightdir_swap,stimuli_shadow_reflection_lightdir/lightdir_swap/38/original_rgb.png,stimuli_shadow_reflection_lightdir/lightdir_swap/38/modified_rgb.png
swap_38_reflection_swap,reflection_swap,stimuli_shadow_reflection_lightdir/reflection_swap/38/original_rgb.png,stimuli_shadow_reflection_lightdir/reflection_swap/38/modified_rgb.png
swap_38_shadow_swap,shadow_swap,stimuli_shadow_reflection_lightdir/shadow_swap/38/original_rgb.png,stimuli_shadow_reflection_lightdir/shadow_swap/38/modified_rgb.png
swap_39_lightdir_swap,lightdir_swap,stimuli_shadow_reflection_lightdir/lightdir_swap/39/original_rgb.png,stimuli_shadow_reflection_lightdir/lightdir_swap/39/modified_rgb.png
swap_39_reflection_swap,reflection_swap,stimuli_shadow_reflection_lightdir/reflection_swap/39/original_rgb.png,stimuli_shadow_reflection_lightdir/reflection_swap/39/modified_rgb.png
swap_39_shadow_swap,shadow_swap,stimuli_shadow_reflection_lightdir/shadow_swap/39/original_rgb.png,stimuli_shadow_reflection_lightdir/shadow_swap/39/modified_rgb.png
swap_40_lightdir_swap,lightdir_swap,stimuli_shadow_reflection_lightdir/lightdir_swap/40/original_rgb.png,stimuli_shadow_reflection_lightdir/lightdir_swap/40/modified_rgb.png
swap_40_reflection_swap,reflection_swap,stimuli_shadow_reflection_lightdir/reflection_swap/40/original_rgb.png,stimuli_shadow_reflection_lightdir/reflection_swap/40/modified_rgb.png
swap_40_shadow_swap,shadow_swap,stimuli_shadow_reflection_lightdir/shadow_swap/40/original_rgb.png,stimuli_shadow_reflection_lightdir/shadow_swap/40/modified_rgb.png
swap_41_lightdir_swap,lightdir_swap,stimuli_shadow_reflection_lightdir/lightdir_swap/41/original_rgb.png,stimuli_shadow_reflection_lightdir/lightdir_swap/41/modified_rgb.png
swap_41_reflection_swap,reflection_swap,stimuli_shadow_reflection_lightdir/reflection_swap/41/original_rgb.png,stimuli_shadow_reflection_lightdir/reflection_swap/41/modified_rgb.png
swap_41_shadow_swap,shadow_swap,stimuli_shadow_reflection_lightdir/shadow_swap/41/original_rgb.png,stimuli_shadow_reflection_lightdir/shadow_swap/41/modified_rgb.png
swap_42_lightdir_swap,lightdir_swap,stimuli_shadow_reflection_lightdir/lightdir_swap/42/original_rgb.png,stimuli_shadow_reflection_lightdir/lightdir_swap/42/modified_rgb.png
swap_42_reflection_swap,reflection_swap,stimuli_shadow_reflection_lightdir/reflection_swap/42/original_rgb.png,stimuli_shadow_reflection_lightdir/reflection_swap/42/modified_rgb.png
swap_42_shadow_swap,shadow_swap,stimuli_shadow_reflection_lightdir/shadow_swap/42/original_rgb.png,stimuli_shadow_reflection_lightdir/shadow_swap/42/modified_rgb.png
swap_43_lightdir_swap,lightdir_swap,stimuli_shadow_reflection_lightdir/lightdir_swap/43/original_rgb.png,stimuli_shadow_reflection_lightdir/lightdir_swap/43/modified_rgb.png
swap_43_reflection_swap,reflection_swap,stimuli_shadow_reflection_lightdir/reflection_swap/43/original_rgb.png,stimuli_shadow_reflection_lightdir/reflection_swap/43/modified_rgb.png
swap_43_shadow_swap,shadow_swap,stimuli_shadow_reflection_lightdir/shadow_swap/43/original_rgb.png,stimuli_shadow_reflection_lightdir/shadow_swap/43/modified_rgb.png
swap_44_lightdir_swap,lightdir_swap,stimuli_shadow_reflection_lightdir/lightdir_swap/44/original_rgb.png,stimuli_shadow_reflection_lightdir/lightdir_swap/44/modified_rgb.png
swap_44_reflection_swap,reflection_swap,stimuli_shadow_reflection_lightdir/reflection_swap/44/original_rgb.png,stimuli_shadow_reflection_lightdir/reflection_swap/44/modified_rgb.png
swap_44_shadow_swap,shadow_swap,stimuli_shadow_reflection_lightdir/shadow_swap/44/original_rgb.png,stimuli_shadow_reflection_lightdir/shadow_swap/44/modified_rgb.png
swap_45_lightdir_swap,lightdir_swap,stimuli_shadow_reflection_lightdir/lightdir_swap/45/original_rgb.png,stimuli_shadow_reflection_lightdir/lightdir_swap/45/modified_rgb.png
swap_45_reflection_swap,reflection_swap,stimuli_shadow_reflection_lightdir/reflection_swap/45/original_rgb.png,stimuli_shadow_reflection_lightdir/reflection_swap/45/modified_rgb.png
swap_45_shadow_swap,shadow_swap,stimuli_shadow_reflection_lightdir/shadow_swap/45/original_rgb.png,stimuli_shadow_reflection_lightdir/shadow_swap/45/modified_rgb.png
swap_46_lightdir_swap,lightdir_swap,stimuli_shadow_reflection_lightdir/lightdir_swap/46/original_rgb.png,stimuli_shadow_reflection_lightdir/lightdir_swap/46/modified_rgb.png
swap_46_reflection_swap,reflection_swap,stimuli_shadow_reflection_lightdir/reflection_swap/46/original_rgb.png,stimuli_shadow_reflection_lightdir/reflection_swap/46/modified_rgb.png
swap_46_shadow_swap,shadow_swap,stimuli_shadow_reflection_lightdir/shadow_swap/46/original_rgb.png,stimuli_shadow_reflection_lightdir/shadow_swap/46/modified_rgb.png
swap_47_lightdir_swap,lightdir_swap,stimuli_shadow_reflection_lightdir/lightdir_swap/47/original_rgb.png,stimuli_shadow_reflection_lightdir/lightdir_swap/47/modified_rgb.png
swap_47_reflection_swap,reflection_swap,stimuli_shadow_reflection_lightdir/reflection_swap/47/original_rgb.png,stimuli_shadow_reflection_lightdir/reflection_swap/47/modified_rgb.png
swap_47_shadow_swap,shadow_swap,stimuli_shadow_reflection_lightdir/shadow_swap/47/original_rgb.png,stimuli_shadow_reflection_lightdir/shadow_swap/47/modified_rgb.png
swap_48_lightdir_swap,lightdir_swap,stimuli_shadow_reflection_lightdir/lightdir_swap/48/original_rgb.png,stimuli_shadow_reflection_lightdir/lightdir_swap/48/modified_rgb.png
swap_48_reflection_swap,reflection_swap,stimuli_shadow_reflection_lightdir/reflection_swap/48/original_rgb.png,stimuli_shadow_reflection_lightdir/reflection_swap/48/modified_rgb.png
swap_48_shadow_swap,shadow_swap,stimuli_shadow_reflection_lightdir/shadow_swap/48/original_rgb.png,stimuli_shadow_reflection_lightdir/shadow_swap/48/modified_rgb.png
swap_49_lightdir_swap,lightdir_swap,stimuli_shadow_reflection_lightdir/lightdir_swap/49/original_rgb.png,stimuli_shadow_reflection_lightdir/lightdir_swap/49/modified_rgb.png
swap_49_reflection_swap,reflection_swap,stimuli_shadow_reflection_lightdir/reflection_swap/49/original_rgb.png,stimuli_shadow_reflection_lightdir/reflection_swap/49/modified_rgb.png
swap_49_shadow_swap,shadow_swap,stimuli_shadow_reflection_lightdir/shadow_swap/49/original_rgb.png,stimuli_shadow_reflection_lightdir/shadow_swap/49/modified_rgb.png
swap_50_lightdir_swap,lightdir_swap,stimuli_shadow_reflection_lightdir/lightdir_swap/50/original_rgb.png,stimuli_shadow_reflection_lightdir/lightdir_swap/50/modified_rgb.png
swap_50_reflection_swap,reflection_swap,stimuli_shadow_reflection_lightdir/reflection_swap/50/original_rgb.png,stimuli_shadow_reflection_lightdir/reflection_swap/50/modified_rgb.png
swap_50_shadow_swap,shadow_swap,stimuli_shadow_reflection_lightdir/shadow_swap/50/original_rgb.png,stimuli_shadow_reflection_lightdir/shadow_swap/50/modified_rgb.png
swap_51_lightdir_swap,lightdir_swap,stimuli_shadow_reflection_lightdir/lightdir_swap/51/original_rgb.png,stimuli_shadow_reflection_lightdir/lightdir_swap/51/modified_rgb.png
swap_51_reflection_swap,reflection_swap,stimuli_shadow_reflection_lightdir/reflection_swap/51/original_rgb.png,stimuli_shadow_reflection_lightdir/reflection_swap/51/modified_rgb.png
swap_51_shadow_swap,shadow_swap,stimuli_shadow_reflection_lightdir/shadow_swap/51/original_rgb.png,stimuli_shadow_reflection_lightdir/shadow_swap/51/modified_rgb.png
swap_52_lightdir_swap,lightdir_swap,stimuli_shadow_reflection_lightdir/lightdir_swap/52/original_rgb.png,stimuli_shadow_reflection_lightdir/lightdir_swap/52/modified_rgb.png
swap_52_reflection_swap,reflection_swap,stimuli_shadow_reflection_lightdir/reflection_swap/52/original_rgb.png,stimuli_shadow_reflection_lightdir/reflection_swap/52/modified_rgb.png
swap_52_shadow_swap,shadow_swap,stimuli_shadow_reflection_lightdir/shadow_swap/52/original_rgb.png,stimuli_shadow_reflection_lightdir/shadow_swap/52/modified_rgb.png
swap_53_lightdir_swap,lightdir_swap,stimuli_shadow_reflection_lightdir/lightdir_swap/53/original_rgb.png,stimuli_shadow_reflection_lightdir/lightdir_swap/53/modified_rgb.png
swap_53_reflection_swap,reflection_swap,stimuli_shadow_reflection_lightdir/reflection_swap/53/original_rgb.png,stimuli_shadow_reflection_lightdir/reflection_swap/53/modified_rgb.png
swap_53_shadow_swap,shadow_swap,stimuli_shadow_reflection_lightdir/shadow_swap/53/original_rgb.png,stimuli_shadow_reflection_lightdir/shadow_swap/53/modified_rgb.png
swap_54_lightdir_swap,lightdir_swap,stimuli_shadow_reflection_lightdir/lightdir_swap/54/original_rgb.png,stimuli_shadow_reflection_lightdir/lightdir_swap/54/modified_rgb.png
swap_54_reflection_swap,reflection_swap,stimuli_shadow_reflection_lightdir/reflection_swap/54/original_rgb.png,stimuli_shadow_reflection_lightdir/reflection_swap/54/modified_rgb.png
swap_54_shadow_swap,shadow_swap,stimuli_shadow_reflection_lightdir/shadow_swap/54/original_rgb.png,stimuli_shadow_reflection_lightdir/shadow_swap/54/modified_rgb.png
swap_55_lightdir_swap,lightdir_swap,stimuli_shadow_reflection_lightdir/lightdir_swap/55/original_rgb.png,stimuli_shadow_reflection_lightdir/lightdir_swap/55/modified_rgb.png
swap_55_reflection_swap,reflection_swap,stimuli_shadow_reflection_lightdir/reflection_swap/55/original_rgb.png,stimuli_shadow_reflection_lightdir/reflection_swap/55/modified_rgb.png
swap_55_shadow_swap,shadow_swap,stimuli_shadow_reflection_lightdir/shadow_swap/55/original_rgb.png,stimuli_shadow_reflection_lightdir/shadow_swap/55/modified_rgb.png
swap_56_lightdir_swap,lightdir_swap,stimuli_shadow_reflection_lightdir/lightdir_swap/56/original_rgb.png,stimuli_shadow_reflection_lightdir/lightdir_swap/56/modified_rgb.png
swap_56_reflection_swap,reflection_swap,stimuli_shadow_reflection_lightdir/reflection_swap/56/original_rgb.png,stimuli_shadow_reflection_lightdir/reflection_swap/56/modified_rgb.png
swap_56_shadow_swap,shadow_swap,stimuli_shadow_reflection_lightdir/shadow_swap/56/original_rgb.png,stimuli_shadow_reflection_lightdir/shadow_swap/56/modified_rgb.png
swap_57_lightdir_swap,lightdir_swap,stimuli_shadow_reflection_lightdir/lightdir_swap/57/original_rgb.png,stimuli_shadow_reflection_lightdir/lightdir_swap/57/modified_rgb.png
swap_57_reflection_swap,reflection_swap,stimuli_shadow_reflection_lightdir/reflection_swap/57/original_rgb.png,stimuli_shadow_reflection_lightdir/reflection_swap/57/modified_rgb.png
swap_57_shadow_swap,shadow_swap,stimuli_shadow_reflection_lightdir/shadow_swap/57/original_rgb.png,stimuli_shadow_reflection_lightdir/shadow_swap/57/modified_rgb.png
swap_58_lightdir_swap,lightdir_swap,stimuli_shadow_reflection_lightdir/lightdir_swap/58/original_rgb.png,stimuli_shadow_reflection_lightdir/lightdir_swap/58/modified_rgb.png
swap_58_reflection_swap,reflection_swap,stimuli_shadow_reflection_lightdir/reflection_swap/58/original_rgb.png,stimuli_shadow_reflection_lightdir/reflection_swap/58/modified_rgb.png
swap_58_shadow_swap,shadow_swap,stimuli_shadow_reflection_lightdir/shadow_swap/58/original_rgb.png,stimuli_shadow_reflection_lightdir/shadow_swap/58/modified_rgb.png
swap_59_lightdir_swap,lightdir_swap,stimuli_shadow_reflection_lightdir/lightdir_swap/59/original_rgb.png,stimuli_shadow_reflection_lightdir/lightdir_swap/59/modified_rgb.png
swap_59_reflection_swap,reflection_swap,stimuli_shadow_reflection_lightdir/reflection_swap/59/original_rgb.png,stimuli_shadow_reflection_lightdir/reflection_swap/59/modified_rgb.png
swap_59_shadow_swap,shadow_swap,stimuli_shadow_reflection_lightdir/shadow_swap/59/original_rgb.png,stimuli_shadow_reflection_lightdir/shadow_swap/59/modified_rgb.png
swap_60_lightdir_swap,lightdir_swap,stimuli_shadow_reflection_lightdir/lightdir_swap/60/original_rgb.png,stimuli_shadow_reflection_lightdir/lightdir_swap/60/modified_rgb.png
swap_60_reflection_swap,reflection_swap,stimuli_shadow_reflection_lightdir/reflection_swap/60/original_rgb.png,stimuli_shadow_reflection_lightdir/reflection_swap/60/modified_rgb.png
swap_60_shadow_swap,shadow_swap,stimuli_shadow_reflection_lightdir/shadow_swap/60/original_rgb.png,stimuli_shadow_reflection_lightdir/shadow_swap/60/modified_rgb.png
swap_61_lightdir_swap,lightdir_swap,stimuli_shadow_reflection_lightdir/lightdir_swap/61/original_rgb.png,stimuli_shadow_reflection_lightdir/lightdir_swap/61/modified_rgb.png
swap_61_reflection_swap,reflection_swap,stimuli_shadow_reflection_lightdir/reflection_swap/61/original_rgb.png,stimuli_shadow_reflection_lightdir/reflection_swap/61/modified_rgb.png
swap_61_shadow_swap,shadow_swap,stimuli_shadow_reflection_lightdir/shadow_swap/61/original_rgb.png,stimuli_shadow_reflection_lightdir/shadow_swap/61/modified_rgb.png
swap_62_lightdir_swap,lightdir_swap,stimuli_shadow_reflection_lightdir/lightdir_swap/62/original_rgb.png,stimuli_shadow_reflection_lightdir/lightdir_swap/62/modified_rgb.png
swap_62_reflection_swap,reflection_swap,stimuli_shadow_reflection_lightdir/reflection_swap/62/original_rgb.png,stimuli_shadow_reflection_lightdir/reflection_swap/62/modified_rgb.png
swap_62_shadow_swap,shadow_swap,stimuli_shadow_reflection_lightdir/shadow_swap/62/original_rgb.png,stimuli_shadow_reflection_lightdir/shadow_swap/62/modified_rgb.png
swap_63_lightdir_swap,lightdir_swap,stimuli_shadow_reflection_lightdir/lightdir_swap/63/original_rgb.png,stimuli_shadow_reflection_lightdir/lightdir_swap/63/modified_rgb.png
swap_63_reflection_swap,reflection_swap,stimuli_shadow_reflection_lightdir/reflection_swap/63/original_rgb.png,stimuli_shadow_reflection_lightdir/reflection_swap/63/modified_rgb.png
swap_63_shadow_swap,shadow_swap,stimuli_shadow_reflection_lightdir/shadow_swap/63/original_rgb.png,stimuli_shadow_reflection_lightdir/shadow_swap/63/modified_rgb.png
swap_64_lightdir_swap,lightdir_swap,stimuli_shadow_reflection_lightdir/lightdir_swap/64/original_rgb.png,stimuli_shadow_reflection_lightdir/lightdir_swap/64/modified_rgb.png
swap_64_reflection_swap,reflection_swap,stimuli_shadow_reflection_lightdir/reflection_swap/64/original_rgb.png,stimuli_shadow_reflection_lightdir/reflection_swap/64/modified_rgb.png
swap_64_shadow_swap,shadow_swap,stimuli_shadow_reflection_lightdir/shadow_swap/64/original_rgb.png,stimuli_shadow_reflection_lightdir/shadow_swap/64/modified_rgb.png
swap_65_lightdir_swap,lightdir_swap,stimuli_shadow_reflection_lightdir/lightdir_swap/65/original_rgb.png,stimuli_shadow_reflection_lightdir/lightdir_swap/65/modified_rgb.png
swap_65_reflection_swap,reflection_swap,stimuli_shadow_reflection_lightdir/reflection_swap/65/original_rgb.png,stimuli_shadow_reflection_lightdir/reflection_swap/65/modified_rgb.png
swap_65_shadow_swap,shadow_swap,stimuli_shadow_reflection_lightdir/shadow_swap/65/original_rgb.png,stimuli_shadow_reflection_lightdir/shadow_swap/65/modified_rgb.png
swap_66_lightdir_swap,lightdir_swap,stimuli_shadow_reflection_lightdir/lightdir_swap/66/original_rgb.png,stimuli_shadow_reflection_lightdir/lightdir_swap/66/modified_rgb.png
swap_66_reflection_swap,reflection_swap,stimuli_shadow_reflection_lightdir/reflection_swap/66/original_rgb.png,stimuli_shadow_reflection_lightdir/reflection_swap/66/modified_rgb.png
swap_66_shadow_swap,shadow_swap,stimuli_shadow_reflection_lightdir/shadow_swap/66/original_rgb.png,stimuli_shadow_reflection_lightdir/shadow_swap/66/modified_rgb.png
swap_67_lightdir_swap,lightdir_swap,stimuli_shadow_reflection_lightdir/lightdir_swap/67/original_rgb.png,stimuli_shadow_reflection_lightdir/lightdir_swap/67/modified_rgb.png
swap_67_reflection_swap,reflection_swap,stimuli_shadow_reflection_lightdir/reflection_swap/67/original_rgb.png,stimuli_shadow_reflection_lightdir/reflection_swap/67/modified_rgb.png
swap_67_shadow_swap,shadow_swap,stimuli_shadow_reflection_lightdir/shadow_swap/67/original_rgb.png,stimuli_shadow_reflection_lightdir/shadow_swap/67/modified_rgb.png
swap_68_lightdir_swap,lightdir_swap,stimuli_shadow_reflection_lightdir/lightdir_swap/68/original_rgb.png,stimuli_shadow_reflection_lightdir/lightdir_swap/68/modified_rgb.png
swap_68_reflection_swap,reflection_swap,stimuli_shadow_reflection_lightdir/reflection_swap/68/original_rgb.png,stimuli_shadow_reflection_lightdir/reflection_swap/68/modified_rgb.png
swap_68_shadow_swap,shadow_swap,stimuli_shadow_reflection_lightdir/shadow_swap/68/original_rgb.png,stimuli_shadow_reflection_lightdir/shadow_swap/68/modified_rgb.png
swap_69_lightdir_swap,lightdir_swap,stimuli_shadow_reflection_lightdir/lightdir_swap/69/original_rgb.png,stimuli_shadow_reflection_lightdir/lightdir_swap/69/modified_rgb.png
swap_69_reflection_swap,reflection_swap,stimuli_shadow_reflection_lightdir/reflection_swap/69/original_rgb.png,stimuli_shadow_reflection_lightdir/reflection_swap/69/modified_rgb.png
swap_69_shadow_swap,shadow_swap,stimuli_shadow_reflection_lightdir/shadow_swap/69/original_rgb.png,stimuli_shadow_reflection_lightdir/shadow_swap/69/modified_rgb.png
swap_70_lightdir_swap,lightdir_swap,stimuli_shadow_reflection_lightdir/lightdir_swap/70/original_rgb.png,stimuli_shadow_reflection_lightdir/lightdir_swap/70/modified_rgb.png
swap_70_reflection_swap,reflection_swap,stimuli_shadow_reflection_lightdir/reflection_swap/70/original_rgb.png,stimuli_shadow_reflection_lightdir/reflection_swap/70/modified_rgb.png
swap_70_shadow_swap,shadow_swap,stimuli_shadow_reflection_lightdir/shadow_swap/70/original_rgb.png,stimuli_shadow_reflection_lightdir/shadow_swap/70/modified_rgb.png
swap_71_lightdir_swap,lightdir_swap,stimuli_shadow_reflection_lightdir/lightdir_swap/71/original_rgb.png,stimuli_shadow_reflection_lightdir/lightdir_swap/71/modified_rgb.png
swap_71_reflection_swap,reflection_swap,stimuli_shadow_reflection_lightdir/reflection_swap/71/original_rgb.png,stimuli_shadow_reflection_lightdir/reflection_swap/71/modified_rgb.png
swap_71_shadow_swap,shadow_swap,stimuli_shadow_reflection_lightdir/shadow_swap/71/original_rgb.png,stimuli_shadow_reflection_lightdir/shadow_swap/71/modified_rgb.png
swap_72_lightdir_swap,lightdir_swap,stimuli_shadow_reflection_lightdir/lightdir_swap/72/original_rgb.png,stimuli_shadow_reflection_lightdir/lightdir_swap/72/modified_rgb.png
swap_72_reflection_swap,reflection_swap,stimuli_shadow_reflection_lightdir/reflection_swap/72/original_rgb.png,stimuli_shadow_reflection_lightdir/reflection_swap/72/modified_rgb.png
swap_72_shadow_swap,shadow_swap,stimuli_shadow_reflection_lightdir/shadow_swap/72/original_rgb.png,stimuli_shadow_reflection_lightdir/shadow_swap/72/modified_rgb.png
swap_73_lightdir_swap,lightdir_swap,stimuli_shadow_reflection_lightdir/lightdir_swap/73/original_rgb.png,stimuli_shadow_reflection_lightdir/lightdir_swap/73/modified_rgb.png
swap_73_reflection_swap,reflection_swap,stimuli_shadow_reflection_lightdir/reflection_swap/73/original_rgb.png,stimuli_shadow_reflection_lightdir/reflection_swap/73/modified_rgb.png
swap_73_shadow_swap,shadow_swap,stimuli_shadow_reflection_lightdir/shadow_swap/73/original_rgb.png,stimuli_shadow_reflection_lightdir/shadow_swap/73/modified_rgb.png
swap_74_lightdir_swap,lightdir_swap,stimuli_shadow_reflection_lightdir/lightdir_swap/74/original_rgb.png,stimuli_shadow_reflection_lightdir/lightdir_swap/74/modified_rgb.png
swap_74_reflection_swap,reflection_swap,stimuli_shadow_reflection_lightdir/reflection_swap/74/original_rgb.png,stimuli_shadow_reflection_lightdir/reflection_swap/74/modified_rgb.png
swap_74_shadow_swap,shadow_swap,stimuli_shadow_reflection_lightdir/shadow_swap/74/original_rgb.png,stimuli_shadow_reflection_lightdir/shadow_swap/74/modified_rgb.png
swap_75_lightdir_swap,lightdir_swap,stimuli_shadow_reflection_lightdir/lightdir_swap/75/original_rgb.png,stimuli_shadow_reflection_lightdir/lightdir_swap/75/modified_rgb.png
swap_75_reflection_swap,reflection_swap,stimuli_shadow_reflection_lightdir/reflection_swap/75/original_rgb.png,stimuli_shadow_reflection_lightdir/reflection_swap/75/modified_rgb.png
swap_75_shadow_swap,shadow_swap,stimuli_shadow_reflection_lightdir/shadow_swap/75/original_rgb.png,stimuli_shadow_reflection_lightdir/shadow_swap/75/modified_rgb.png
swap_76_lightdir_swap,lightdir_swap,stimuli_shadow_reflection_lightdir/lightdir_swap/76/original_rgb.png,stimuli_shadow_reflection_lightdir/lightdir_swap/76/modified_rgb.png
swap_76_reflection_swap,reflection_swap,stimuli_shadow_reflection_lightdir/reflection_swap/76/original_rgb.png,stimuli_shadow_reflection_lightdir/reflection_swap/76/modified_rgb.png
swap_76_shadow_swap,shadow_swap,stimuli_shadow_reflection_lightdir/shadow_swap/76/original_rgb.png,stimuli_shadow_reflection_lightdir/shadow_swap/76/modified_rgb.png
swap_77_lightdir_swap,lightdir_swap,stimuli_shadow_reflection_lightdir/lightdir_swap/77/original_rgb.png,stimuli_shadow_reflection_lightdir/lightdir_swap/77/modified_rgb.png
swap_77_reflection_swap,reflection_swap,stimuli_shadow_reflection_lightdir/reflection_swap/77/original_rgb.png,stimuli_shadow_reflection_lightdir/reflection_swap/77/modified_rgb.png
swap_77_shadow_swap,shadow_swap,stimuli_shadow_reflection_lightdir/shadow_swap/77/original_rgb.png,stimuli_shadow_reflection_lightdir/shadow_swap/77/modified_rgb.png
swap_78_lightdir_swap,lightdir_swap,stimuli_shadow_reflection_lightdir/lightdir_swap/78/original_rgb.png,stimuli_shadow_reflection_lightdir/lightdir_swap/78/modified_rgb.png
swap_78_reflection_swap,reflection_swap,stimuli_shadow_reflection_lightdir/reflection_swap/78/original_rgb.png,stimuli_shadow_reflection_lightdir/reflection_swap/78/modified_rgb.png
swap_78_shadow_swap,shadow_swap,stimuli_shadow_reflection_lightdir/shadow_swap/78/original_rgb.png,stimuli_shadow_reflection_lightdir/shadow_swap/78/modified_rgb.png
swap_79_lightdir_swap,lightdir_swap,stimuli_shadow_reflection_lightdir/lightdir_swap/79/original_rgb.png,stimuli_shadow_reflection_lightdir/lightdir_swap/79/modified_rgb.png
swap_79_reflection_swap,reflection_swap,stimuli_shadow_reflection_lightdir/reflection_swap/79/original_rgb.png,stimuli_shadow_reflection_lightdir/reflection_swap/79/modified_rgb.png
swap_79_shadow_swap,shadow_swap,stimuli_shadow_reflection_lightdir/shadow_swap/79/original_rgb.png,stimuli_shadow_reflection_lightdir/shadow_swap/79/modified_rgb.png
swap_80_lightdir_swap,lightdir_swap,stimuli_shadow_reflection_lightdir/lightdir_swap/80/original_rgb.png,stimuli_shadow_reflection_lightdir/lightdir_swap/80/modified_rgb.png
swap_80_reflection_swap,reflection_swap,stimuli_shadow_reflection_lightdir/reflection_swap/80/original_rgb.png,stimuli_shadow_reflection_lightdir/reflection_swap/80/modified_rgb.png
swap_80_shadow_swap,shadow_swap,stimuli_shadow_reflection_lightdir/shadow_swap/80/original_rgb.png,stimuli_shadow_reflection_lightdir/shadow_swap/80/modified_rgb.png
swap_81_lightdir_swap,lightdir_swap,stimuli_shadow_reflection_lightdir/lightdir_swap/81/original_rgb.png,stimuli_shadow_reflection_lightdir/lightdir_swap/81/modified_rgb.png
swap_81_reflection_swap,reflection_swap,stimuli_shadow_reflection_lightdir/reflection_swap/81/original_rgb.png,stimuli_shadow_reflection_lightdir/reflection_swap/81/modified_rgb.png
swap_81_shadow_swap,shadow_swap,stimuli_shadow_reflection_lightdir/shadow_swap/81/original_rgb.png,stimuli_shadow_reflection_lightdir/shadow_swap/81/modified_rgb.png
swap_82_lightdir_swap,lightdir_swap,stimuli_shadow_reflection_lightdir/lightdir_swap/82/original_rgb.png,stimuli_shadow_reflection_lightdir/lightdir_swap/82/modified_rgb.png
swap_82_reflection_swap,reflection_swap,stimuli_shadow_reflection_lightdir/reflection_swap/82/original_rgb.png,stimuli_shadow_reflection_lightdir/reflection_swap/82/modified_rgb.png
swap_82_shadow_swap,shadow_swap,stimuli_shadow_reflection_lightdir/shadow_swap/82/original_rgb.png,stimuli_shadow_reflection_lightdir/shadow_swap/82/modified_rgb.png
swap_83_lightdir_swap,lightdir_swap,stimuli_shadow_reflection_lightdir/lightdir_swap/83/original_rgb.png,stimuli_shadow_reflection_lightdir/lightdir_swap/83/modified_rgb.png
swap_83_reflection_swap,reflection_swap,stimuli_shadow_reflection_lightdir/reflection_swap/83/original_rgb.png,stimuli_shadow_reflection_lightdir/reflection_swap/83/modified_rgb.png
swap_83_shadow_swap,shadow_swap,stimuli_shadow_reflection_lightdir/shadow_swap/83/original_rgb.png,stimuli_shadow_reflection_lightdir/shadow_swap/83/modified_rgb.png
swap_84_lightdir_swap,lightdir_swap,stimuli_shadow_reflection_lightdir/lightdir_swap/84/original_rgb.png,stimuli_shadow_reflection_lightdir/lightdir_swap/84/modified_rgb.png
swap_84_reflection_swap,reflection_swap,stimuli_shadow_reflection_lightdir/reflection_swap/84/original_rgb.png,stimuli_shadow_reflection_lightdir/reflection_swap/84/modified_rgb.png
swap_84_shadow_swap,shadow_swap,stimuli_shadow_reflection_lightdir/shadow_swap/84/original_rgb.png,stimuli_shadow_reflection_lightdir/shadow_swap/84/modified_rgb.png
swap_85_lightdir_swap,lightdir_swap,stimuli_shadow_reflection_lightdir/lightdir_swap/85/original_rgb.png,stimuli_shadow_reflection_lightdir/lightdir_swap/85/modified_rgb.png
swap_85_reflection_swap,reflection_swap,stimuli_shadow_reflection_lightdir/reflection_swap/85/original_rgb.png,stimuli_shadow_reflection_lightdir/reflection_swap/85/modified_rgb.png
swap_85_shadow_swap,shadow_swap,stimuli_shadow_reflection_lightdir/shadow_swap/85/original_rgb.png,stimuli_shadow_reflection_lightdir/shadow_swap/85/modified_rgb.png
swap_86_lightdir_swap,lightdir_swap,stimuli_shadow_reflection_lightdir/lightdir_swap/86/original_rgb.png,stimuli_shadow_reflection_lightdir/lightdir_swap/86/modified_rgb.png
swap_86_reflection_swap,reflection_swap,stimuli_shadow_reflection_lightdir/reflection_swap/86/original_rgb.png,stimuli_shadow_reflection_lightdir/reflection_swap/86/modified_rgb.png
swap_86_shadow_swap,shadow_swap,stimuli_shadow_reflection_lightdir/shadow_swap/86/original_rgb.png,stimuli_shadow_reflection_lightdir/shadow_swap/86/modified_rgb.png
swap_87_lightdir_swap,lightdir_swap,stimuli_shadow_reflection_lightdir/lightdir_swap/87/original_rgb.png,stimuli_shadow_reflection_lightdir/lightdir_swap/87/modified_rgb.png
swap_87_reflection_swap,reflection_swap,stimuli_shadow_reflection_lightdir/reflection_swap/87/original_rgb.png,stimuli_shadow_reflection_lightdir/reflection_swap/87/modified_rgb.png
swap_87_shadow_swap,shadow_swap,stimuli_shadow_reflection_lightdir/shadow_swap/87/original_rgb.png,stimuli_shadow_reflection_lightdir/shadow_swap/87/modified_rgb.png
swap_88_lightdir_swap,lightdir_swap,stimuli_shadow_reflection_lightdir/lightdir_swap/88/original_rgb.png,stimuli_shadow_reflection_lightdir/lightdir_swap/88/modified_rgb.png
swap_88_reflection_swap,reflection_swap,stimuli_shadow_reflection_lightdir/reflection_swap/88/original_rgb.png,stimuli_shadow_reflection_lightdir/reflection_swap/88/modified_rgb.png
swap_88_shadow_swap,shadow_swap,stimuli_shadow_reflection_lightdir/shadow_swap/88/original_rgb.png,stimuli_shadow_reflection_lightdir/shadow_swap/88/modified_rgb.png
swap_89_lightdir_swap,lightdir_swap,stimuli_shadow_reflection_lightdir/lightdir_swap/89/original_rgb.png,stimuli_shadow_reflection_lightdir/lightdir_swap/89/modified_rgb.png
swap_89_reflection_swap,reflection_swap,stimuli_shadow_reflection_lightdir/reflection_swap/89/original_rgb.png,stimuli_shadow_reflection_lightdir/reflection_swap/89/modified_rgb.png
swap_89_shadow_swap,shadow_swap,stimuli_shadow_reflection_lightdir/shadow_swap/89/original_rgb.png,stimuli_shadow_reflection_lightdir/shadow_swap/89/modified_rgb.png
swap_90_lightdir_swap,lightdir_swap,stimuli_shadow_reflection_lightdir/lightdir_swap/90/original_rgb.png,stimuli_shadow_reflection_lightdir/lightdir_swap/90/modified_rgb.png
swap_90_reflection_swap,reflection_swap,stimuli_shadow_reflection_lightdir/reflection_swap/90/original_rgb.png,stimuli_shadow_reflection_lightdir/reflection_swap/90/modified_rgb.png
swap_90_shadow_swap,shadow_swap,stimuli_shadow_reflection_lightdir/shadow_swap/90/original_rgb.png,stimuli_shadow_reflection_lightdir/shadow_swap/90/modified_rgb.png
swap_91_lightdir_swap,lightdir_swap,stimuli_shadow_reflection_lightdir/lightdir_swap/91/original_rgb.png,stimuli_shadow_reflection_lightdir/lightdir_swap/91/modified_rgb.png
swap_91_reflection_swap,reflection_swap,stimuli_shadow_reflection_lightdir/reflection_swap/91/original_rgb.png,stimuli_shadow_reflection_lightdir/reflection_swap/91/modified_rgb.png
swap_91_shadow_swap,shadow_swap,stimuli_shadow_reflection_lightdir/shadow_swap/91/original_rgb.png,stimuli_shadow_reflection_lightdir/shadow_swap/91/modified_rgb.png
swap_92_lightdir_swap,lightdir_swap,stimuli_shadow_reflection_lightdir/lightdir_swap/92/original_rgb.png,stimuli_shadow_reflection_lightdir/lightdir_swap/92/modified_rgb.png
swap_92_reflection_swap,reflection_swap,stimuli_shadow_reflection_lightdir/reflection_swap/92/original_rgb.png,stimuli_shadow_reflection_lightdir/reflection_swap/92/modified_rgb.png
swap_92_shadow_swap,shadow_swap,stimuli_shadow_reflection_lightdir/shadow_swap/92/original_rgb.png,stimuli_shadow_reflection_lightdir/shadow_swap/92/modified_rgb.png
swap_93_lightdir_swap,lightdir_swap,stimuli_shadow_reflection_lightdir/lightdir_swap/93/original_rgb.png,stimuli_shadow_reflection_lightdir/lightdir_swap/93/modified_rgb.png
swap_93_reflection_swap,reflection_swap,stimuli_shadow_reflection_lightdir/reflection_swap/93/original_rgb.png,stimuli_shadow_reflection_lightdir/reflection_swap/93/modified_rgb.png
swap_93_shadow_swap,shadow_swap,stimuli_shadow_reflection_lightdir/shadow_swap/93/original_rgb.png,stimuli_shadow_reflection_lightdir/shadow_swap/93/modified_rgb.png
swap_94_lightdir_swap,lightdir_swap,stimuli_shadow_reflection_lightdir/lightdir_swap/94/original_rgb.png,stimuli_shadow_reflection_lightdir/lightdir_swap/94/modified_rgb.png
swap_94_reflection_swap,reflection_swap,stimuli_shadow_reflection_lightdir/reflection_swap/94/original_rgb.png,stimuli_shadow_reflection_lightdir/reflection_swap/94/modified_rgb.png
swap_94_shadow_swap,shadow_swap,stimuli_shadow_reflection_lightdir/shadow_swap/94/original_rgb.png,stimuli_shadow_reflection_lightdir/shadow_swap/94/modified_rgb.png
swap_95_lightdir_swap,lightdir_swap,stimuli_shadow_reflection_lightdir/lightdir_swap/95/original_rgb.png,stimuli_shadow_reflection_lightdir/lightdir_swap/95/modified_rgb.png
swap_95_reflection_swap,reflection_swap,stimuli_shadow_reflection_lightdir/reflection_swap/95/original_rgb.png,stimuli_shadow_reflection_lightdir/reflection_swap/95/modified_rgb.png
swap_95_shadow_swap,shadow_swap,stimuli_shadow_reflection_lightdir/shadow_swap/95/original_rgb.png,stimuli_shadow_reflection_lightdir/shadow_swap/95/modified_rgb.png
