task,model,human_r,sensitivity
thatcher,cogvideox15_5b,0.6060017909970141,1.772158007223929
thatcher,cogvideox_5b,0.6177618277287168,1.4932566997031738
thatcher,cogvideox_2b,0.3333826747155682,0.9604426333500625
thatcher,flux2_klein_4b,0.8161753319355222,1.6603153827393753
thatcher,flux2_klein_9b,0.7955786061189448,1.824703185594363
thatcher,flux2_klein_base_4b,0.7367748519800612,1.2252027360997944
thatcher,flux2_klein_base_9b,0.7670434705949969,1.5487056318297665
thatcher,flux1_dev,0.756880227070869,1.7091105171026082
thatcher,flux1_schnell,0.805336252928494,1.7128212814046853
thatcher,hidream_o1,0.7621768842102407,0.5270744108214359
thatcher,hunyuan_video,0.7137358084683851,1.1625864265099397
thatcher,jit_b32,0.30424928644999505,-0.20844179464136964
thatcher,jit_h32,0.5766703014845077,0.19800714483808943
thatcher,jit_l32,0.47453051763326254,0.03178762539144713
thatcher,ltx_13b,0.8238406928145304,1.652686692728301
thatcher,ltx_2b,0.7724508360772796,1.5036767026925746
thatcher,pixelgen_512,0.5737674607507457,0.16304653633584004
thatcher,qwen_image_2512,0.7445782764084574,2.6056302000132163
thatcher,qwen_image,0.746534606636447,2.683181568225101
thatcher,stable_diffusion_3,0.735348410532503,1.6774282359317292
thatcher,stable_diffusion_15,0.8412867227939228,1.3980452682543043
thatcher,sdxl,0.7124651308181741,1.4575620226683115
thatcher,wan21_14b,0.7852352065320805,1.95731654946271
thatcher,wan21_1_3b,0.7915534992231281,1.6685568518738851
thatcher,wan22_a14b,0.7558675690762263,1.514181712899246
thatcher,clip_vit_b16,0.6600641523909316,1.258767457211508
thatcher,dinov2_base_patch_spatial,0.24981254587432158,3.020440235176208
thatcher,dinov2_giant_patch_spatial,0.19386383861632145,3.1798891445743798
thatcher,dinov3_vit7b16_patch_spatial,0.6836549943842827,1.6940324439705479
thatcher,dinov3_vith16plus_patch_spatial,0.5784601309979374,1.3873470691323138
thatcher,resnet50_imagenet,0.23022329951011755,2.281586289083595
thatcher,jina_clip_v2,0.5550704601112827,0.7446652888945134
thatcher,pe_core_b16_224,0.5303698826873993,1.1100228342550105
thatcher,pe_core_g14_448,0.659882454543209,0.8353691886374887
thatcher,qwen3_vl_embedding_2b,0.440692785008902,0.711651258447787
thatcher,qwen3_vl_embedding_8b,0.5675031137572536,0.8022742691040011
thatcher,siglip2_base_patch16_224,0.5458111396875166,1.4247267476140903
swap,cogvideox15_5b,0.1557671324492654,0.8054474943340627
swap,cogvideox_5b,0.33382704174339395,0.8949876108218746
swap,cogvideox_2b,0.15776565218177357,0.4705104096258393
swap,flux2_klein_4b,0.4371699573910299,0.8351802147191805
swap,flux2_klein_9b,0.5285369875533564,1.0373988146389121
swap,flux2_klein_base_4b,0.3913158488946405,0.7045019838662603
swap,flux2_klein_base_9b,0.5080118795229261,0.8975341980166319
swap,flux1_dev,0.3692717277222333,0.9078211705171865
swap,flux1_schnell,0.31744059052969587,0.7783985958425025
swap,hidream_o1,0.4041531953149141,0.6966503388808867
swap,hunyuan_video,0.5349637751436944,0.8226923242200058
swap,jit_b32,0.037632142501219254,0.2518971419662696
swap,jit_h32,0.09197698742084243,0.15474566536250636
swap,jit_l32,0.08888866001608134,0.5438035953665289
swap,ltx_13b,0.29832074916053325,0.8803169166099165
swap,ltx_2b,0.21098507540932349,0.3968433153956026
swap,pixelgen_512,0.1535816732468612,0.3149170378417239
swap,qwen_image_2512,0.5540722563689282,1.1418801106480359
swap,qwen_image,0.6058538957893742,1.1596896171730013
swap,stable_diffusion_3,0.31964115441633567,0.5320735817979643
swap,stable_diffusion_15,0.25802509856514755,0.5353921738989941
swap,sdxl,0.23586244917680663,0.3389482267781572
swap,wan21_14b,0.638896329701163,1.053598107476023
swap,wan21_1_3b,0.413312457612829,0.680055779897776
swap,wan22_a14b,0.6018929938840798,0.7862659076842637
swap,clip_vit_b16,0.49245507154210855,1.2499084021300078
swap,dinov2_base_patch_spatial,0.4040389114323208,1.2852347976546625
swap,dinov2_giant_patch_spatial,0.3966201675736161,1.3068250218895996
swap,dinov3_vit7b16_patch_spatial,0.40998568064592456,0.9715588787982066
swap,dinov3_vith16plus_patch_spatial,0.35044084632892397,0.583102478358552
swap,resnet50_imagenet,0.31988570804675315,1.1626524911694565
swap,jina_clip_v2,0.46484584020924674,0.5674781943320545
swap,pe_core_b16_224,0.5320263495486135,0.6941475649519506
swap,pe_core_g14_448,0.5103907642316171,0.6596167018266698
swap,qwen3_vl_embedding_2b,0.25629165853595776,0.9773408191000572
swap,qwen3_vl_embedding_8b,0.45950704969956624,1.4950745383377353
swap,siglip2_base_patch16_224,0.48162869261516433,0.7086632336058125
