task,model_class,rank,model,human_r
thatcher,Generative,1,stable_diffusion_15,0.8412867227939224
thatcher,Generative,2,ltx_13b,0.8238406928145291
thatcher,Generative,3,flux2_klein_4b,0.8161753319355222
thatcher,Generative,4,flux1_schnell,0.8053362529284933
thatcher,Generative,5,flux2_klein_9b,0.7955786061189439
thatcher,Encoder,1,dinov3_vit7b16_patch_spatial,0.6836549943842828
thatcher,Encoder,2,clip_vit_b16,0.6600641523909306
thatcher,Encoder,3,pe_core_g14_448,0.6598824545432083
thatcher,Encoder,4,dinov3_vith16plus_patch_spatial,0.5784601309979371
thatcher,Encoder,5,qwen3_vl_embedding_8b,0.567503113757253
swap,Generative,1,wan21_14b,0.6388963297011634
swap,Generative,2,qwen_image,0.6058538957893745
swap,Generative,3,wan22_a14b,0.6018929938840797
swap,Generative,4,qwen_image_2512,0.5540722563689282
swap,Generative,5,hunyuan_video,0.5349637751436946
swap,Encoder,1,pe_core_b16_224,0.5320263495486136
swap,Encoder,2,pe_core_g14_448,0.510390764231617
swap,Encoder,3,clip_vit_b16,0.4924550715421087
swap,Encoder,4,siglip2_base_patch16_224,0.48162869261516433
swap,Encoder,5,jina_clip_v2,0.46484584020924685
