task,model,candidate,readout,human_r
thatcher,clip_vit_b16,12,raw,0.6600641523909321
thatcher,dinov2_base_patch_spatial,2,native_head,0.24981254587432158
thatcher,dinov2_giant_patch_spatial,10,native_head,0.19386383861632148
thatcher,dinov3_vit7b16_patch_spatial,36,native_head,0.6836549943842833
thatcher,dinov3_vith16plus_patch_spatial,endpoint,endpoint,0.5784601309979377
thatcher,resnet50_imagenet,7,native_head,0.23022329951011744
thatcher,jina_clip_v2,23,native_head,0.5550704601112827
thatcher,pe_core_b16_224,endpoint,endpoint,0.5303698826873995
thatcher,pe_core_g14_448,endpoint,endpoint,0.659882454543209
thatcher,qwen3_vl_embedding_2b,22,native_head,0.44069278500890213
thatcher,qwen3_vl_embedding_8b,31,native_head,0.5675031137572542
thatcher,siglip2_base_patch16_224,9,native_head,0.5458111396875168
swap,clip_vit_b16,9,raw,0.49245507154210866
swap,dinov2_base_patch_spatial,endpoint,endpoint,0.40403891143232096
swap,dinov2_giant_patch_spatial,8,native_head,0.3966201675736162
swap,dinov3_vit7b16_patch_spatial,5,native_head,0.40998568064592456
swap,dinov3_vith16plus_patch_spatial,1,native_head,0.35044084632892397
swap,resnet50_imagenet,endpoint,endpoint,0.31988570804675315
swap,jina_clip_v2,22,native_head,0.46484584020924685
swap,pe_core_b16_224,11,raw,0.5320263495486137
swap,pe_core_g14_448,33,raw,0.5103907642316169
swap,qwen3_vl_embedding_2b,endpoint,endpoint,0.25629165853595776
swap,qwen3_vl_embedding_8b,35,native_head,0.4595070496995662
swap,siglip2_base_patch16_224,7,native_head,0.48162869261516444
