scene_id,ffhq_id,img_path,condition
0,00002,00000/00002.png,thatcher
1,00004,00000/00004.png,thatcher
2,00031,00000/00031.png,thatcher
3,00035,00000/00035.png,thatcher
4,00052,00000/00052.png,thatcher
5,00054,00000/00054.png,thatcher
6,00060,00000/00060.png,thatcher
7,00064,00000/00064.png,thatcher
8,00067,00000/00067.png,thatcher
9,00083,00000/00083.png,thatcher
10,00085,00000/00085.png,thatcher
11,00090,00000/00090.png,thatcher
12,00111,00000/00111.png,thatcher
13,00180,00000/00180.png,thatcher
14,00199,00000/00199.png,thatcher
15,00204,00000/00204.png,thatcher
16,00209,00000/00209.png,thatcher
17,00211,00000/00211.png,thatcher
18,00225,00000/00225.png,thatcher
19,00233,00000/00233.png,thatcher
20,00238,00000/00238.png,thatcher
21,00249,00000/00249.png,thatcher
22,00267,00000/00267.png,thatcher
23,00285,00000/00285.png,thatcher
24,00289,00000/00289.png,thatcher
25,00300,00000/00300.png,thatcher
26,00312,00000/00312.png,thatcher
27,00327,00000/00327.png,thatcher
28,00338,00000/00338.png,thatcher
29,00349,00000/00349.png,thatcher
30,00362,00000/00362.png,thatcher
31,00365,00000/00365.png,thatcher
32,00366,00000/00366.png,thatcher
33,00374,00000/00374.png,thatcher
34,00393,00000/00393.png,thatcher
35,00400,00000/00400.png,thatcher
36,00409,00000/00409.png,thatcher
37,00416,00000/00416.png,thatcher
38,00433,00000/00433.png,thatcher
39,00441,00000/00441.png,thatcher
40,00465,00000/00465.png,thatcher
41,00482,00000/00482.png,thatcher
42,00489,00000/00489.png,thatcher
43,00501,00000/00501.png,thatcher
44,00522,00000/00522.png,thatcher
45,00559,00000/00559.png,thatcher
46,00560,00000/00560.png,thatcher
47,00567,00000/00567.png,thatcher
48,00578,00000/00578.png,thatcher
49,00589,00000/00589.png,thatcher
50,00615,00000/00615.png,thatcher
51,00617,00000/00617.png,thatcher
52,00655,00000/00655.png,thatcher
53,00691,00000/00691.png,thatcher
54,00692,00000/00692.png,thatcher
55,00694,00000/00694.png,thatcher
56,00705,00000/00705.png,thatcher
57,00728,00000/00728.png,thatcher
58,00732,00000/00732.png,thatcher
59,00746,00000/00746.png,thatcher
60,00771,00000/00771.png,thatcher
61,00774,00000/00774.png,thatcher
62,00793,00000/00793.png,thatcher
63,00813,00000/00813.png,thatcher
64,00827,00000/00827.png,thatcher
65,00864,00000/00864.png,thatcher
66,00869,00000/00869.png,thatcher
67,00930,00000/00930.png,thatcher
68,00956,00000/00956.png,thatcher
69,00975,00000/00975.png,thatcher
70,00990,00000/00990.png,thatcher
71,00995,00000/00995.png,thatcher
72,01001,01000/01001.png,thatcher
73,01015,01000/01015.png,thatcher
74,01019,01000/01019.png,thatcher
75,01022,01000/01022.png,thatcher
76,01028,01000/01028.png,thatcher
77,01051,01000/01051.png,thatcher
78,01059,01000/01059.png,thatcher
79,01080,01000/01080.png,thatcher
80,01088,01000/01088.png,thatcher
81,01122,01000/01122.png,thatcher
82,01123,01000/01123.png,thatcher
83,01125,01000/01125.png,thatcher
84,01126,01000/01126.png,thatcher
85,01149,01000/01149.png,thatcher
86,01161,01000/01161.png,thatcher
87,01186,01000/01186.png,thatcher
88,01197,01000/01197.png,thatcher
89,01205,01000/01205.png,thatcher
90,01207,01000/01207.png,thatcher
91,01222,01000/01222.png,thatcher
92,01223,01000/01223.png,thatcher
93,01225,01000/01225.png,thatcher
94,01226,01000/01226.png,thatcher
95,01229,01000/01229.png,thatcher
96,01244,01000/01244.png,thatcher
97,01254,01000/01254.png,thatcher
98,01267,01000/01267.png,thatcher
99,01272,01000/01272.png,thatcher
100,01286,01000/01286.png,thatcher
101,01291,01000/01291.png,thatcher
102,01313,01000/01313.png,thatcher
103,01328,01000/01328.png,thatcher
104,01345,01000/01345.png,thatcher
105,01351,01000/01351.png,thatcher
106,01360,01000/01360.png,thatcher
107,01362,01000/01362.png,thatcher
108,01381,01000/01381.png,thatcher
109,01387,01000/01387.png,thatcher
110,01395,01000/01395.png,thatcher
111,01403,01000/01403.png,thatcher
112,01412,01000/01412.png,thatcher
113,01468,01000/01468.png,thatcher
114,01469,01000/01469.png,thatcher
115,01474,01000/01474.png,thatcher
116,01487,01000/01487.png,thatcher
117,01492,01000/01492.png,thatcher
118,01494,01000/01494.png,thatcher
119,01541,01000/01541.png,thatcher
120,01596,01000/01596.png,thatcher
121,01611,01000/01611.png,thatcher
122,01619,01000/01619.png,thatcher
123,01631,01000/01631.png,thatcher
124,01645,01000/01645.png,thatcher
125,01648,01000/01648.png,thatcher
126,01660,01000/01660.png,thatcher
127,01670,01000/01670.png,thatcher
128,01680,01000/01680.png,thatcher
129,01694,01000/01694.png,thatcher
130,01698,01000/01698.png,thatcher
131,01714,01000/01714.png,thatcher
132,01733,01000/01733.png,thatcher
133,01750,01000/01750.png,thatcher
134,01763,01000/01763.png,thatcher
135,01768,01000/01768.png,thatcher
136,01770,01000/01770.png,thatcher
137,01793,01000/01793.png,thatcher
138,01808,01000/01808.png,thatcher
139,01813,01000/01813.png,thatcher
